regimenId,regimenName,treatmentLine,ageCategory,regimenAddTime
1,AZT-3TC-DAR/r,Second Line,,4/13/21 14:41
2,AZT-3TC-EFV,First Line,,4/14/21 7:40
3,ABC-3TC-EFV,First Line,,4/14/21 7:40
4,AZT-3TC-NVP,First Line,,4/14/21 7:40
5,ABC-3TC-EFV,First Line,,4/14/21 7:40
6,AZT-3TC-NVP,First Line,,4/14/21 7:40
7,TDF-3TC-EFV,First Line,,4/14/21 7:40
8,ABC-3TC-NVP,First Line,,4/14/21 7:40
9,TDF-3TC-EFV,First Line,,4/14/21 7:40
10,TDF-3TC-NVP,First Line,,4/14/21 7:40
11,AZT-3TC-EFV,First Line,,4/14/21 7:40
12,ABC-3TC-LPV/r,First Line,,4/22/21 21:22
13,TDF-3TC-DTG,First Line,,4/22/21 21:22
14,ABC-3TC-DTG,First Line,,4/22/21 21:22
15,AZT-3TC-LPV/r,First Line,,4/22/21 21:22
16,TDF-FTC-ATV/r,Second Line,,4/22/21 21:22
17,TDF-FTC-LPV/r,Second Line,,4/22/21 21:22
18,TDF-3TC-LPV/r,Second Line,,4/22/21 21:22
19,AZT-3TC-ATV/r,Second Line,,4/22/21 21:22
20,AZT-3TC-LPV/r,Second Line,,4/22/21 21:22
21,AZT-3TC-ATV/r,Second Line,,4/22/21 21:22
22,ABC-3TC-ATV/r,Second Line,,4/22/21 21:22
23,TDF-3TC-ATV/r,Second Line,,4/22/21 21:22
24,TDF-3TC-LPV/r,Second Line,,4/22/21 21:22
25,TDF-3TC-ATV/r,Second Line,,4/22/21 21:22
26,ABC-3TC-LPV/r,Second Line,,4/22/21 21:22
27,AZT-3TC-LPV/r,Second Line,,4/22/21 21:22
28,OTHERS,Second Line,,4/22/21 21:22
29,ABC-3TC-LPV/r,Second Line,,4/22/21 21:22
30,ABC-3TC-ATV/r,Second Line,,4/22/21 21:22
31,AZT-3TC-RAL,Second Line,,5/4/21 7:40
32,AZ/t-3TC-LPV/r,Second Line,,5/24/21 12:29
33,d4T-3TC-EFV,First Line,,5/24/21 21:59
34,TDF+3TC+ATV/R,Second Line,,5/24/21 22:00
35,AZT+3TC+ATV/R,Second Line,,5/24/21 22:00
36,ABC+3TC+ATV/R,Second Line,,5/24/21 22:00
37,ABC+3TC+LPV/R,Second Line,,5/24/21 22:00
38,ABC-3TC-LOP/r,Second Line,,5/25/21 13:38
41,TDF+3TC+EFV,First Line,,5/28/21 21:59
42,ABC+3TC+NVP,First Line,,6/7/21 21:59
43,3TC-TDF-NVP,First Line,,6/10/21 12:53
44,3TC-AZT-NVP,First Line,,6/10/21 12:56
45,3TC-TDF-ATV/r,Second Line,,6/10/21 13:03
46,TDF-3TC-DTG,Second Line,,6/11/21 4:23
47,D4T-3TC-NVP,First Line,,6/11/21 8:34
48,TDF-3TC-NVP,First Line,,6/11/21 11:12
49,TDF-3TC-DTG,,,6/14/21 7:54
50,ABC-3TC-NVP,First Line,,6/14/21 11:12
51,AZT-ABC-LPV/R,Second Line,,6/14/21 21:59
52,AZT-AZT-AZT-3TC/NVP,First Line,,6/17/21 13:50
53,AZT+3TC+DTG,Second Line,,6/17/21 21:59
55,TDF-3TC-EFV,Second Line,,6/21/21 21:59
56,ABC-3TC-LPV,Second Line,,6/23/21 8:31
57,ABC-3TC-DTG,Second Line,,6/24/21 12:29
58,ABC-3TC-LPV-RTV,First Line,,6/28/21 11:32
59,NVP-3TC-AZT,First Line,,6/28/21 13:09
60,TDF+3TC+NVP,First Line,,6/29/21 21:59
61,AZT-3TC-DTG,Second Line,,7/1/21 15:03
62,ABC-3TC-ATV,Second Line,,7/1/21 15:06
63,AZT-3TC-DTG,Third Line,,7/1/21 18:35
64,LeftBlank,Second Line,,7/3/21 6:24
65,ABC-3TC-LPV-RITon,First Line,,7/5/21 11:21
66,ABC+3TC+LPV/R,First Line,,7/5/21 11:45
67,EFV---------TDF/3TC,First Line,,7/6/21 8:49
68,EFV---------D4T/3TC,First Line,,7/6/21 10:10
69,ATR-RTV-----TDF/3TC,Second Line,,7/6/21 10:12
70,EFV---------AZT/3TC,First Line,,7/6/21 10:22
71,ABC-3TC-RAL,Second Line,,7/6/21 12:09
72,ZDV-3TC-TDF,First Line,,7/7/21 5:57
73,TDT-3TC-ATV/r,Second Line,,7/8/21 8:36
74,AZT-3TC-NVP,,,7/8/21 8:51
75,AZT-3TC-EFV,,,7/8/21 8:53
76,TDT-3TC-LPV/r,Second Line,,7/8/21 9:53
77,AZT-3TC-ATV/r,,,7/8/21 12:50
78,TDF-3TC-ATV/r,,,7/9/21 7:51
79,TDF-3TC-DTG-DAR/R/Etv,Third Line,,7/16/21 11:33
80,TDF-3TC-DTG,,,7/16/21 12:26
81,DRV+RTV+DTG,Third Line,,7/16/21 22:00
82,DAR/r-RAL-TDF-3TC,Third Line,,7/16/21 22:00
83,OTHERS,Third Line,,7/16/21 22:00
84,DAR/r-RAL-AZT-3TC,Third Line,,7/16/21 22:00
85,DAR/r-RAL-ABC-3TC,Third Line,,7/16/21 22:00
86,DAR/r-ETV-TDF-3TC,Third Line,,7/16/21 22:00
87,DRV+RTV+DTG+TDF+3TC,Third Line,,7/16/21 22:00
88,TDF+3TC+DTG+ATV/R,Third Line,,7/16/21 22:00
89,DRV+RTV+ETV+AZT/3TC,Third Line,,7/16/21 22:00
90,DRV+RTV+ETV,Third Line,,7/16/21 22:00
91,ABC-3TC-EFV/z,First Line,,7/19/21 10:49
92,ABC+3TC+DTG,Second Line,,7/19/21 22:00
93,AB/c-3TC-LPV/r,Second Line,,7/20/21 7:58
94,DRV-RTV-RAL,Third Line,,7/21/21 22:00
95,AZT-3TC-ATV-r,Second Line,,7/22/21 13:17
96,TDF-3TC-ATV/r,First Line,,7/23/21 10:12
97,DRV+RTV+DTG+TDF/3TC,Third Line,,7/26/21 22:00
98,TDT-3TC-DTG,Second Line,,7/30/21 12:39
99,TDT-3TC-DTG-DRV/r,Third Line,,7/30/21 13:22
100,DRV-RTV-DTG-ABC/3TC,Third Line,,8/3/21 8:36
101,AZT-3TC-EFV,,,8/3/21 12:00
102,NVP---------AZT/3TC,First Line,,8/4/21 8:12
103,--------EFV-ABC/3TC,First Line,,8/4/21 12:46
104,AZT-3TC-LPV-r,Second Line,,8/9/21 9:56
105,TDF-3TC-ATV-r,Second Line,,8/9/21 9:57
106,...-...-...,Second Line,,8/9/21 9:59
107,TDF-3TC-EFV/,First Line,,8/11/21 4:36
108,TDF-3TC-ATV-RTV,Second Line,,8/12/21 6:53
109,DRV-RTV-DTG,Third Line,,8/12/21 8:11
110,RAL-DRV-RTV,Third Line,,8/12/21 8:18
111,ABC-3TC-LPV-RIT,Second Line,,8/12/21 8:23
112,AZT/-3TC-ATV/r,Second Line,,8/12/21 13:21
113,AZT-3TC-VNP,First Line,,8/13/21 10:15
114,TDF-3TC-LPV/r/LPV/r,Second Line,,8/14/21 8:27
115,AZT-3TC-EFV,Second Line,,8/14/21 22:00
116,AZT-3TC-NVP,Second Line,,8/14/21 22:00
117,OtherRegimen,Second Line,,8/14/21 22:00
118,3TC-TDF-EFV,First Line,,8/18/21 12:57
119,AZT-3TC-DTG,First Line,,8/18/21 14:28
120,AZT-3TC-NVP,,,8/19/21 10:39
121,AZT-3TC-NVP/,First Line,,8/19/21 12:02
122,TD/f-3TC-ATV/r,Second Line,,8/19/21 12:03
123,TDF-3TC-DTG-DRV/RTV,Third Line,,8/20/21 6:22
124,3TC-TDF-EFV/,First Line,,8/20/21 12:47
125,ABC-3TC-LPV-RTV,Second Line,,8/24/21 9:19
126,TDF-3TC-ATV/r,,,8/24/21 11:02
127,DRV+RTV+DTG+AZT/3TC,Third Line,,8/24/21 22:00
128,TDF-3TC-ATV/r,,,8/25/21 7:50
129,ABC-3TC-LPV/r,,,8/25/21 9:50
130,AZT-3TC-LVP/r,Second Line,,8/25/21 14:08
131,ABC-3TC-LPV/r,,,8/25/21 18:58
132,DRV-RTV-DTG-TDF/3TC,Third Line,,8/26/21 6:55
133,AZT/-3TC-LPV/r,Second Line,,8/26/21 7:52
134,TRIom-3TC-TRIom,First Line,,8/26/21 12:55
135,3TC-TDF-LPV/r,Second Line,,8/26/21 13:01
136,DTG/-DAR-RITon,Third Line,,8/26/21 13:03
137,ABC/-3TC-DTG,Third Line,,8/26/21 13:03
138,TDF-3TC-DTG-DRV/r,Third Line,,8/26/21 13:20
139,ABC-3TC-NVP,,,8/26/21 14:08
140,AZT-3TC-LPV,Second Line,,8/26/21 14:15
141,ABC-3TC-LPV-r,First Line,,8/26/21 16:32
142,AZT-3TC-DTG/,Second Line,,8/27/21 12:17
143,TDF-3TC-LPV/r,First Line,,8/27/21 12:27
144,ABC+3TC+DRV+RTV,Third Line,,8/31/21 22:01
145,TDF-3TC-DTG-DRV/r/ETV,Third Line,,9/3/21 7:16
146,ABC-3TC-EFV,Second Line,,9/7/21 19:42
147,AZT-DDI-LPV/r,,,9/22/21 10:55
148,AZT-3TC-LPV/r,,,9/22/21 10:57
149,TDF-3TC-DTG,,,9/22/21 10:58
150,TLD-3TC-DTG-DRV/r,Third Line,,9/22/21 13:33
151,TDF-3TC-DTG,Third Line,,9/22/21 13:51
152,AZT-3TC-ATV/r,First Line,,9/22/21 14:27
153,ABC-3TC-DTG-DRV/RTV,Third Line,,9/24/21 12:26
154,TDF+3TC+DTG,Second Line,,9/27/21 9:22
155,AZT+3TC+RAL,Second Line,,9/27/21 9:22
156,TDF-3TC-DTG-ATV/r,First Line,,9/28/21 9:06
157,DRV+RTV+RAL,Third Line,,9/28/21 22:00
158,TDF-3TC-DTG-DRV/RIT,Third Line,,9/29/21 6:35
159,AZT-3TC-ATV-RTV,,,9/29/21 7:33
160,TDF-3TC-ATV-RTV,,,9/29/21 7:57
161,TLD-DRV-RTV,Third Line,,9/29/21 14:37
162,TDF-3TC-DTG-DVR,Third Line,,10/5/21 8:45
163,TDF-3TC-DTG/-DVR/r,Third Line,,10/5/21 10:04
164,DTG-ETR-DRV/r,Third Line,,10/5/21 10:46
165,TLD-ETV-DRV/r,Third Line,,10/5/21 10:58
166,TDF-3TC-DTG/r,Third Line,,10/5/21 11:32
167,TDF-3TC-EVP,First Line,,10/5/21 11:53
168,TDF-3TC-DRV/r,Third Line,,10/5/21 12:04
169,TDF-3TC-DTG-DVR/r,Third Line,,10/5/21 12:34
170,TDF-3TC-ATZ/r,Second Line,,10/5/21 13:24
171,CBV-DTG-DRV/r,Third Line,,10/5/21 13:25
172,ABC-3TC-DRV/r-RAL,Third Line,,10/5/21 21:06
173,ABC-3TC-LPV/r-DVR/r,Second Line,,10/5/21 21:18
174,RTV-DRV-TDF-3TC/DTG,Third Line,,10/5/21 21:32
175,TDF-3TC-DVR/r,Third Line,,10/5/21 21:44
176,TDF-3TC-DTG-DRV,Third Line,,10/5/21 21:52
177,DTG-DRV-DRV/r,Third Line,,10/5/21 22:44
178,DTG-DRV-RVC,Third Line,,10/5/21 23:15
179,ABC-3TC-DTG,Third Line,,10/6/21 3:10
180,TLD-DRV-ETV/r,Third Line,,10/6/21 3:59
181,ABC-3TC-ATV/r,Third Line,,10/6/21 5:52
182,TLD-DRV-R/Etv,Third Line,,10/6/21 8:27
183,TLD-LPV-LPV/r,Third Line,,10/6/21 9:50
184,ABC-3TC-LPV/r,Third Line,,10/6/21 10:59
185,DRV/r-RAL-EFV,Third Line,,10/6/21 17:51
186,TDF-3TC-LPV/r,Third Line,,10/6/21 18:07
187,AZT-3TC-EFV,Third Line,,10/6/21 19:05
188,TDF-3TC-ATV/r,Third Line,,10/6/21 19:22
189,TDF-3TC-ATV/r-DTG,Third Line,,10/6/21 20:16
190,TDF-LPV-LPV/r,Second Line,,10/6/21 20:32
191,TDF-3TC-NVP,Second Line,,10/6/21 21:32
192,ETV-DTG-DRV/r,Third Line,,10/6/21 21:34
193,ABC-3TC-DTG-DRV/r,Third Line,,10/6/21 21:50
194,AZT-3TC-DRV/r,Third Line,,10/7/21 3:46
195,ATV-RTV-XXX-AZT/3TC,Second Line,,10/7/21 8:59
196,ABC/-3TC-RAL,Second Line,,10/7/21 9:21
197,NIL-NIL-NVP-AZT/3TC,First Line,,10/7/21 15:44
198,NIL-NIL-EFV-AZT/3TC,First Line,,10/7/21 15:48
199,NIL-NIL-DTG-TDF/3TC,Second Line,,10/7/21 15:49
200,TDF-DTG-DRV/r,Third Line,,10/7/21 19:00
201,ETR-DRV-DTG,Third Line,,10/7/21 19:58
202,DTG-DRV-RTV,Third Line,,10/7/21 23:16
203,DTG-DRV-RTV,,,10/8/21 5:34
204,DRV-RTV-RTG,Third Line,,10/8/21 5:56
205,AZT-3TC-DTG-DVR,Third Line,,10/8/21 6:24
206,DAR-RTV-DTG-TDF/3TC,Third Line,,10/8/21 6:39
207,AZT/-3TC-NVP,First Line,,10/8/21 7:32
208,000-000-NVP-D4T/3TC,First Line,,10/8/21 8:29
209,000-000-LPV/r-ABC/3TC,Second Line,,10/8/21 8:31
210,000-000-ATV/r-ABC/3TC,Second Line,,10/8/21 8:33
211,ABC-DDI-LPV/r,First Line,,10/8/21 9:05
212,ABC-3TC-DTG,,,10/8/21 11:57
213,ABC-3TC-EFV,,,10/8/21 12:34
214,ABC-3TC-DTG-ARV/r,Third Line,,10/8/21 12:35
215,ABC-3TC-ETR-ATV/r,Third Line,,10/8/21 17:54
216,DRV/r-ETV-DTG,Second Line,,10/8/21 18:07
217,ABC-3TC-EFV,Third Line,,10/8/21 18:19
218,AZT-3TC-DTG-DRV/r,Third Line,,10/8/21 19:05
219,DTG-ETV-DRV/r,Third Line,,10/8/21 19:54
220,D4T-3TC-KAL-ETR/a,First Line,,10/9/21 8:49
221,TDF-3TC-DRV/r-RTV,Third Line,,10/9/21 8:53
222,DTG-ETV-DRV-RTV,Third Line,,10/9/21 9:40
223,TDF-3TC-DTG-DRV/r/ETV/r,Third Line,,10/9/21 10:19
224,DVR/r-ETV-DTG,Third Line,,10/9/21 10:55
225,AZT-3TC-LPV/r,Third Line,,10/9/21 11:33
226,ABC-AZT-3TC-LPV/r,Second Line,,10/9/21 12:28
227,DRV/r-DTG-ETV,Third Line,,10/9/21 12:56
228,ABC-3TC-PLV/r,Second Line,,10/9/21 14:34
229,TDF-3TC-DTG-ATV/r,Third Line,,10/9/21 15:44
230,TDF-3TC-EFV,Third Line,,10/9/21 20:46
231,TLD-ETV-RTV,Third Line,,10/9/21 21:20
232,TLD-ETV-RRT/v,Third Line,,10/9/21 21:24
233,ABC-3TC-EFV,,,10/10/21 3:47
234,TDF-3TC-DTG,,,10/10/21 3:54
235,DRV/r-ETV-RAL,Third Line,,10/10/21 8:30
236,ETR-DRV-RAL,Third Line,,10/10/21 8:37
237,TDF-3TC-DRV/r-DTG,Third Line,,10/10/21 9:15
238,ETR-RAL-DRV/r,Third Line,,10/10/21 9:28
239,ABC-3TC-AZT,First Line,,10/10/21 10:17
240,D4T-3TC-NVP,Third Line,,10/10/21 10:19
241,AZT-3TC-NVP,Third Line,,10/10/21 11:03
242,TDF-FTC-EFV,Second Line,,10/10/21 11:16
243,ABC-3TC-NVP,Third Line,,10/10/21 11:48
244,ABC-DDL-LPV/r,Third Line,,10/10/21 14:57
245,D4T-3TC-NVP,Second Line,,10/10/21 18:09
246,D4T-3TC-NVP,,,10/11/21 14:27
247,ABC-3TC-EFV,,,10/11/21 14:32
248,TDF-3TC-EFV,,,10/11/21 14:33
249,AZT-3TC-ATV/r,Third Line,,10/11/21 16:50
250,ABC-3TC-ATV/r,First Line,,10/11/21 19:20
251,ABC-3TC-ATZ-RTV,Second Line,,10/11/21 20:51
252,ABC-3TC-LPV/r,,,10/13/21 13:30
253,ABC-3TC-LPV/r,,,10/13/21 13:30
254,ABC-3TC-LPV/r,,,10/13/21 13:30
255,ABC-3TC-LPV/r,,,10/13/21 13:30
256,ABC-3TC-LPV/r,,,10/13/21 13:30
257,ABC-3TC-LPV/r,,,10/13/21 13:30
258,ABC-3TC-LPV/r,,,10/13/21 13:31
259,ABC-3TC-LPV/r,,,10/13/21 13:31
260,ABC-3TC-LPV/r,,,10/13/21 13:31
261,ABC-3TC-LPV/r,,,10/13/21 13:31
262,AZT-3TC-RAL/,Second Line,,10/15/21 9:34
263,ABC-3TC-LPV/r,,,10/18/21 11:14
264,ABC/--3TC-LPV/r,Second Line,,10/19/21 12:17
265,DTG-DRV-ETV/r,Third Line,,10/19/21 13:35
266,AZT-3TC-RAL,Third Line,,10/21/21 9:06
267,TDF-3TC-ATV/r-TDF/3TC,Second Line,,10/21/21 11:15
268,TLD-3TC-ATV/r,Second Line,,10/22/21 9:40
269,DRV-RTV-ETV-DTG,Third Line,,10/22/21 11:04
270,DRV-RTV-TLD,Third Line,,10/22/21 11:20
271,ETV-DRV-RAL/r,Third Line,,10/22/21 11:58
272,ABC-3TC-ATV/r,,,10/22/21 13:43
273,DTG-DRV-RTV-ETV,Third Line,,10/22/21 13:55
274,DTG-ETV-DVR-RTV,Third Line,,10/22/21 14:00
275,TDF-3TC-EFV,,,10/22/21 14:12
276,TLD-DRV-ETV,Third Line,,10/24/21 12:17
277,CBV-ATV-RTV,Second Line,,10/25/21 20:30
278,ETR-DTG-DRV/r,Third Line,,10/25/21 22:00
279,TDF-DTG-DVR/r,Third Line,,10/26/21 14:59
280,TDF3t-3TC-DTG-DRV/r,Third Line,,10/26/21 15:37
281,TDF-3TC-DTG-DRV/r/RTV,Third Line,,10/26/21 22:41
282,DTG-DRV-ETR,Third Line,,10/26/21 23:00
283,TDF-FTC-LPV/r,Second Line,,10/27/21 5:45
284,AZT-DDI-LPV/r,Second Line,,10/27/21 5:49
285,TDF-3TC-DTG-DRV/ETR,Third Line,,10/27/21 8:48
286,TDF-3TC-DTG-DRV/r/ETR,Third Line,,10/27/21 9:00
287,TDF-3TC-DTG-ETV/DRV/r,Third Line,,10/27/21 11:01
288,AZT-3TC-DRV/r-RTV,Third Line,,10/27/21 16:20
289,ABT-3TC-ATV/r,Second Line,,10/27/21 20:17
290,AZT-3TC-DTG-DTV/r,Third Line,,10/27/21 20:19
291,ABT-3TC-LPV/r,Second Line,,10/27/21 20:39
292,TDF-3TC-GRV/r,Third Line,,10/27/21 21:05
293,ABC-3TC-NVP,Second Line,,10/28/21 17:50
294,ABC-3TC-SQV-DTG,Third Line,,10/28/21 20:06
295,AZT-DTG-DRV/r-ETR,Third Line,,10/28/21 20:56
296,AZT-3TC-ABC-EFV,First Line,,10/28/21 21:11
297,DTG-DRV-R/Etr,Third Line,,10/28/21 22:00
298,RAL-ETR-DRV/r,Third Line,,10/28/21 22:42
299,RAL-ETV-DRV/r,Third Line,,10/28/21 22:48
300,DAT-3TC-NVP,First Line,,10/29/21 18:58
301,TLD-DRV-R/Etr,Third Line,,10/29/21 19:09
302,DTG-ETR-DUL-RIT,Third Line,,10/30/21 19:05
303,3TC/-TDF-ATV/r,Second Line,,11/1/21 12:12
304,3TC/-TDF-LPV/r,Second Line,,11/1/21 12:17
305,AZT-3TC-ATV/r,,,11/1/21 12:21
306,TAF+3TC+DTG,Second Line,,11/1/21 22:00
307,ABC-3TC-LPV/RTV,Second Line,,11/2/21 12:30
308,AZT-3TC-ATV/r,,,11/2/21 19:30
309,3TC-AZT-LPV/r,First Line,,11/3/21 8:10
310,ABC-3TC-LPV/RTV,First Line,,11/3/21 10:41
311,ABC-3TC-LPV/r,,,11/5/21 8:39
312,ATV-RTV-*****-AZT/3TC,Second Line,,11/8/21 8:24
313,ATV-RTV-***-AZT/3TC,Second Line,,11/8/21 8:35
314,***-***-DTG-AZT/3TC,Second Line,,11/8/21 9:04
315,TDF-3TC-DTG-DRV/r/FTC,Third Line,,11/13/21 16:37
316,...-...-ABC-3TC/NVP,First Line,,11/15/21 4:09
317,...-...-ABC-3TC/LPV/r,First Line,,11/15/21 4:14
318,TDF-3TC-ATV/r,,,11/15/21 15:06
319,TDF-3TC-ATV/RVT,Second Line,,11/16/21 8:45
320,AZT-3TC-NVP,,,11/16/21 9:42
321,TDF-3TC-ATV-R,,,11/16/21 9:44
322,DRV-RTV-DTG-AZT/3TC,Third Line,,11/18/21 9:31
323,TDF-3TC-EFV,,,11/18/21 13:11
324,TDF-3TC-EFV,,,11/19/21 8:06
325,DRV-RTV-DTG/,Third Line,,11/19/21 8:35
326,TDF-3TC-ATVr,Second Line,,11/20/21 15:04
327,3TC-AZT-EFV,First Line,,11/22/21 6:06
328,3TC-D4T-LOP/r,Second Line,,11/22/21 6:08
329,TDF-3TC-LOP/r,Second Line,,11/22/21 6:10
330,3TC-3TC-NVP,First Line,,11/22/21 7:33
331,TDF/-3TC-EFV,First Line,,11/24/21 10:26
332,TDF/-3TC-NVP,First Line,,11/24/21 10:29
333,DTG-ETR-DRV-RTV,Third Line,,11/26/21 7:10
334,ABC-3TC-DTG,,,11/27/21 12:18
335,TDF-3TC-DTG-DRV/RTV/r,Third Line,,11/28/21 17:55
336,ABC-3TC-EFV,,,11/29/21 13:08
337,AZT-3TC-ATZ/r,Second Line,,11/30/21 12:56
338,-/---/--DTG-TDF/3TC,Third Line,,11/30/21 14:57
339,--------DTG-TDF/3TC,Third Line,,11/30/21 15:00
340,DAR/R+RAL+AZT+3TC,Third Line,,12/1/21 5:57
341,DRV+RTV+ETV+RAL,Third Line,,12/1/21 5:57
342,AZT-3TC-DRV/r-DTG/DTG,Third Line,,12/1/21 7:40
343,AZ/t-3TC-ATV/r,Second Line,,12/1/21 11:12
344,DTG-DRV-RTV-TDF/3TC,Third Line,,12/1/21 14:10
345,TDF/-3TC-DTG-DRV/RTV,Third Line,,12/2/21 11:23
346,DRV-RTV-DTG-3TC/TDF,Third Line,,12/3/21 2:55
347,TDF-3TC-ATV/r,,,12/3/21 11:20
348,TDF-3TC-ATV/r,,,12/3/21 11:20
349,ATV/r-3TC-TDF,Second Line,,12/3/21 15:53
350,LPV/r-3TC-AZT,Second Line,,12/3/21 16:03
351,TDF-3TC-DTG-DRV/RTV,,,12/3/21 16:31
352,DRV-RTV-ETR,Third Line,,12/4/21 17:01
353,TDF-3TC-DTG//,Third Line,,12/6/21 15:53
354,TDF-3TC-DTG/DRV/r,Third Line,,12/8/21 11:14
355,ABC-3TC-LPV/r,,,12/9/21 12:42
356,TDF-3TC-DTG,,,12/14/21 7:56
357,TDF-3TC-TDG,Third Line,,12/14/21 10:24
358,3TC-TDF-DTG-DRV/RIT,Third Line,,12/14/21 13:44
359,AZT+DRV+RTV,Third Line,,12/15/21 7:48
360,TDF/-3TC-DTG,First Line,,12/16/21 10:03
361,AZT/-3TC-ATV/r,Second Line,,12/16/21 10:06
362,000-000-LPV/r-ABC/3TC,First Line,,12/16/21 16:06
363,000-000-NVP-AZT/3TC,First Line,,12/16/21 16:08
364,TAF+3TC+DRV/r,Second Line,,12/17/21 1:00
365,DRV+RTV+DTG+ETV,Third Line,,12/17/21 1:00
366,AZT-3TC-ATV/r,,,12/19/21 12:54
367,RAL-3TC-LPV/r,Second Line,,12/20/21 12:46
368,AZT-3TC-EFV,,,12/21/21 7:40
369,AZT-3TC-EFV,,,12/21/21 7:40
370,AZT-3TC-EFV,,,12/21/21 7:43
371,AZT-3TC-ATV/r,,,12/21/21 9:16
372,DTG-DRV-DTG,Third Line,,12/22/21 4:58
373,TDF-FTC-EFV,First Line,,12/22/21 10:32
374,TDF-3TC-DRV-RTV,Third Line,,12/23/21 10:31
375,TDF-3TC-DTG/-DRV/r/ETV,Third Line,,12/23/21 10:36
376,AZT-3TC-FTC,First Line,,12/29/21 11:26
377,AZT-3TC-3TC/NVP,First Line,,1/6/22 18:50
378,TDF-3TC-ATV/r,,,1/10/22 11:28
379,ABC-3TC-EFV/3TC,First Line,,1/10/22 12:30
380,2C=-AZT-3TC/ATV/r,Second Line,,1/11/22 9:22
381,2C=-AZT-3TC/ATV/r,,,1/11/22 9:34
382,ABC-3TC-LOPvr,Second Line,,1/11/22 10:33
383,TDF-3TC-ATZ,Second Line,,1/11/22 11:51
384,AZT-3TC-NVP,,,1/11/22 14:04
385,AZT-3TC-NVP,,,1/11/22 14:04
386,AZT-3TC-NVP,,,1/11/22 14:04
387,AZT-3TC-NVP,,,1/11/22 14:05
388,AZT-3TC-NVP,,,1/11/22 14:05
389,AZT-3TC-NVP,,,1/11/22 14:08
390,AZT-3TC-NVP,,,1/11/22 14:08
391,AZT-3TC-NVP,,,1/11/22 14:08
392,AZT-3TC-NVP,,,1/11/22 14:08
393,AZT-3TC-NVP,,,1/11/22 14:08
394,AZT-3TC-NVP,,,1/11/22 14:08
395,AZT-3TC-NVP,,,1/11/22 14:08
396,AZT-3TC-NVP,,,1/11/22 14:08
397,AZT-3TC-NVP,,,1/11/22 14:08
398,AZT-3TC-NVP,,,1/11/22 14:08
399,ABC-3TC-EFV,,,1/11/22 14:17
400,AZT-3TC-EFV,,,1/11/22 14:23
401,AZT-3TC-LPV/RTV,Second Line,,1/12/22 9:17
402,TDF-3TC-ATV/RTV,Second Line,,1/12/22 9:32
403,AZT-3TC-ATV/r,,,1/12/22 12:11
404,AZT-3TC-ATV-RTV,Second Line,,1/14/22 7:01
405,AZT-3TC-ATV-RTV,,,1/14/22 12:40
406,AZT-3TC-ATV-RTV,,,1/14/22 12:40
407,AZT-3TC-ATV-RTV,,,1/14/22 12:40
408,TDF-3TC-EFV/z,First Line,,1/17/22 13:30
409,TDF-3TC-EFZ/z,First Line,,1/17/22 13:44
410,AZT-3TC-LPV/r,,,1/18/22 9:37
411,TDF-3TC-EFV,,,1/18/22 10:14
412,AZT-3TC-ABC,Second Line,,1/18/22 11:57
413,DTG-RTV-DRV-TDF/3TC,Third Line,,1/18/22 12:56
414,ABC-3TC-LPV/r,,,1/18/22 13:07
415,AZT-3TC-NVP,,,1/18/22 13:09
416,ABC-3TC-DTG/DRV-r,Third Line,,1/19/22 12:00
417,ABC-3TC-LPV/r,,,1/19/22 12:21
418,ABC-3TC-DTG-DRV/r,Second Line,,1/19/22 12:31
419,AZT-3TC-NVP,,,1/19/22 14:29
420,AZT-3TC-ABC,First Line,,1/19/22 14:29
421,ABC-3TC-LPV-r,Second Line,,1/19/22 14:30
422,TDF-3TC-DTG,,,1/19/22 14:59
423,DRV-RTV-ETR-DTG,Third Line,,1/20/22 13:01
424,DRV-RTV-RAL-TDF/3TC,Third Line,,1/20/22 13:30
425,DTG-DRV-RTV-ETR,Third Line,,1/20/22 16:12
426,DTG-ETR-DRV/RTV,Third Line,,1/20/22 16:15
427,TDF-3TC-RAL-DRV/RTV,Third Line,,1/20/22 16:24
428,AZT-3TC-ATV/r,,,1/24/22 9:57
429,AZT-3TC-LPVr,Second Line,,1/25/22 6:02
430,ABC-3TC-DTG/DRV/r,Third Line,,1/25/22 13:40
431,TDF-3TC-ATV/r,,,1/26/22 8:47
432,TDF-3TC-DTG,,,1/26/22 8:49
433,TDF-3TC-DTG,,,1/26/22 8:57
434,DRV-ETV-DTG-RTV,Third Line,,1/26/22 9:42
435,DRV-RTV-DTG-TDF/3TC,,,1/27/22 6:56
436,ABC-3TC-ATZ-r,Second Line,,1/27/22 8:24
437,TDF-3TC-ATZ-r,Second Line,,1/27/22 10:15
438,ABC-3TC-ATV-RTV,Second Line,,1/28/22 7:01
439,TDF-3TC-DTG,,,1/28/22 7:33
440,TDF-3TC-DTG,,,1/28/22 7:56
441,AZT+3TC+ATV/R,First Line,,1/28/22 7:59
442,TDF+3TC+ATV/R,First Line,,1/28/22 8:10
443,ABC-3TC-LPV/r,,,1/30/22 11:42
444,ABC-3TC-LPV/r,,,1/31/22 10:54
445,ABC-3TC-LPV,First Line,,1/31/22 15:30
446,ABC-3TC-LPV/r,,,2/1/22 4:00
447,ABC-DTG-3TC,Second Line,,2/1/22 9:12
448,ABC-3TC-LPV/r,,,2/1/22 15:55
449,OTHers-AZT-3TC-DTG,Second Line,,2/2/22 10:07
450,ABC3t-3TC-EFV,First Line,,2/2/22 10:41
451,TLD-DVR-RTV,Third Line,,2/2/22 13:47
452,TDF-3TC-DTG,,,2/2/22 16:30
453,AZR-3TC-EFV,First Line,,2/2/22 18:27
454,...-...-DTG-ABC/3TC,First Line,,2/3/22 6:58
455,ABC-3TC-EFV,,,2/3/22 7:07
456,ABC-3TC-DTG-LPV/r,Second Line,,2/3/22 7:10
457,ABC-3TC-DTG-DRV/RTV,Second Line,,2/3/22 8:54
458,ABC-3TC-LPV/r,,,2/3/22 9:32
459,ABC-3TC-NVP,,,2/3/22 11:37
460,ABC-3TC-LPV/r-PEL/l/ETS,First Line,,2/3/22 12:02
461,AZT-3TC-NVP,,,2/3/22 12:44
462,AZT-3TC-DTG/v,Second Line,,2/3/22 13:13
463,Left Blank,Second Line,,2/4/22 1:00
464,DRV+ RTV+DTG+TDF+3TC,Third Line,,2/4/22 1:00
465,AZT-3TC-DTG-DRV,Second Line,,2/4/22 8:30
466,ABC-3TC-LPV-RTV/DTG,Second Line,,2/4/22 9:17
467,ETR-DRV-RTV,Third Line,,2/4/22 10:15
468,AZT-3TC-DRV-RTV,Third Line,,2/4/22 10:31
469,TDF-TDF-DTG-DRV/RTV,Third Line,,2/7/22 4:49
470,TDF-3TC-DTG/ -DRV/RTV,Third Line,,2/7/22 4:51
471,AZT-3TC-DTG,,,2/7/22 5:37
472,ABC-ABC-3TC/DTG,First Line,,2/7/22 20:11
473,AZT-AZT-3TC/EFV,First Line,,2/7/22 20:57
474,AZT-3TC-3TC/EFV,First Line,,2/8/22 8:38
475,TDF-3TC-DTG-ETV,Third Line,,2/8/22 13:26
476,TDF-3TC-DTG-DTV/RTV,Third Line,,2/9/22 12:52
477,TRIom-3TC-NVP/NVP,First Line,,2/10/22 6:36
478,RTV-RTV-RTV-LPV,Second Line,,2/14/22 7:59
479,RAL-RAL-RAL-LPV/RTV,Second Line,,2/14/22 8:00
480,TDF-3TC-ATV/r,,,2/14/22 8:23
481,NVP-...-...-AZT/3TC,First Line,,2/14/22 8:24
482,TDF-3TC-LPV/RTV,Second Line,,2/14/22 9:19
483,AZT-3TC-ATV/r-.../...,Second Line,,2/14/22 9:31
484,AZT/ -3TC-NVP,First Line,,2/14/22 11:54
485,TDF-3TC-LPV/r,,,2/14/22 12:10
486,ABC-ETC-LPV/r,First Line,,2/14/22 13:56
487,TDF-3TC-ATR/v,Second Line,,2/14/22 14:32
488,ABC-3TC-EVP,First Line,,2/14/22 15:10
489,AZT-3TC-LPVr ,,,2/14/22 15:14
490,AZT-3TC-LPVr ,,,2/14/22 15:14
491,TDF-3TC-DTG/ ,Second Line,,2/14/22 15:15
492,AZT-3TC-ATV-RIT,Second Line,,2/15/22 5:44
493,TDF-3TC-NEV,First Line,,2/15/22 5:48
494,AZT-3TC-ATV/RTV,Second Line,,2/15/22 6:24
495,NAA-NAA-AZT-3TC/LPV/r,Second Line,,2/15/22 8:16
496,AZT-3TC-NEV,First Line,,2/15/22 9:12
497,AZT-3TC-NEV,,,2/15/22 9:16
498,TDF-3TC-LP//r,Second Line,,2/15/22 9:50
499,ABC-3TC-LPVr -RTV,First Line,,2/15/22 10:24
500,TDF-3TC-ATV/r,,,2/15/22 10:55
501,AZT-3TC-EFV,,,2/15/22 11:23
502,AZT-3TC-NVP,,,2/15/22 12:05
503,ABC-3TC-LPV/r,,,2/15/22 12:08
504,TDF/ -3TC-LPV/r,First Line,,2/15/22 12:13
505,ABC-3TC-...-ATV/RTV,Second Line,,2/15/22 12:18
506,ABC-3TC-EFV,,,2/15/22 12:22
507,ABC-3TC-...-LPV/RTV,Second Line,,2/15/22 12:49
508,AZT-3TC-...-NVP,First Line,,2/15/22 13:02
509,TLD-3TC-DTG,Third Line,,2/15/22 13:37
510,ABC-3TC-DTG/ ,First Line,,2/15/22 13:46
511,ABC-3TC-LPVr ,Second Line,,2/15/22 13:55
512,TDF-3TC-EFV,,,2/15/22 13:59
513,AZT-3TC-DTG-ATV/RTV,Third Line,,2/15/22 14:56
514,AZT+3TC+DVR/r,Second Line,,2/16/22 1:00
515,DTG-----DRV/r,Third Line,,2/16/22 2:06
516,TLD-3TC-DTG,Second Line,,2/16/22 5:41
517,AZT-3TC-NVP,,,2/16/22 7:44
518,AZT-3TC-DTG,,,2/16/22 9:25
519,ETR-DTG-DRV-R,Third Line,,2/16/22 11:53
520,TDF-3TC-DRV-R,Third Line,,2/16/22 12:05
521,D4T-3TC-EFV-.../...,First Line,,2/16/22 12:18
522,AZT-3TC-EFV-.../...,First Line,,2/16/22 12:28
523,AZT-3TC-LPV/r,Second Line,,2/16/22 12:30
524,AZT-3TC-NVP,,,2/16/22 13:42
525,TDF-3TC-DVR/RIT,Third Line,,2/16/22 14:07
526,DRV-RTV-TDF-3TC/DTG,Third Line,,2/16/22 15:41
527,TDG-3TC-DTG,Second Line,,2/17/22 1:42
528,TDF-3TC-DTG,,,2/17/22 2:04
529,ABC-3TC-DTG-DRV,Third Line,,2/17/22 6:54
530,TDG-3TC-DTG,First Line,,2/17/22 6:58
531,TDF-3TC-AT//r,Second Line,,2/17/22 7:44
532,AZT-3TC-AT//r,Second Line,,2/17/22 8:00
533,TDF-3TC-EFV/r,First Line,,2/17/22 8:00
534,RAL-LPV-RTV,Second Line,,2/17/22 11:16
535,ABC-3TC-LP//r,First Line,,2/17/22 11:25
536,AZT-3TC-DTG-DRV/RTV,Third Line,,2/17/22 12:29
537,TDF-3TC-ATV/r,,,2/17/22 12:57
538,DTG-...-DRV/r,Third Line,,2/18/22 2:10
539,TDF-3TC-LPV-RTV,Second Line,,2/18/22 5:54
540,ABC-3TC-DTG-ETV/DRVrt,Third Line,,2/21/22 11:58
541,ABC-3TC-DTG-ETV/D/Rtv,Third Line,,2/21/22 12:03
542,ABC-3TC-DTG-ETV/DR/rt,Third Line,,2/21/22 12:07
543,AZT-3TC-NVP,,,2/21/22 12:46
544,3TC-3TC-DTG-TDF/3TC,Second Line,,2/22/22 14:01
545,TDF-3TC-DTG----/---,Second Line,,2/22/22 14:06
546,TDF-3TC-DTG/DTG,Second Line,,2/23/22 9:40
547,TDF-TDF-3TC-DTG,Second Line,,2/23/22 9:43
548,TDF/-3TC-/AT/v,Second Line,,2/23/22 10:34
549,TDF-3TC-EFV,,,2/23/22 10:37
550,TDF+3TC+DRV+RTV,Third Line,,2/24/22 1:00
551,XXX-XXX-EFV,First Line,,2/25/22 15:03
552,TDF-3TC-ATV-RTV,,,2/28/22 7:08
553,AZT-3TC-LP//r,Second Line,,2/28/22 14:44
554,DTG+ATV/R,Third Line,,3/1/22 1:00
555,TDF-3TC-DRV/r,Second Line,,3/1/22 14:28
556,ABC-3TC-ATV-RTV,,,3/2/22 7:03
557,DTG-DRV-RTV/ETV,Third Line,,3/2/22 10:06
558,ABC-3TC-LPV/RTV,,,3/3/22 12:08
559,TDF-3TC-DTG-ATV/RTV,Third Line,,3/9/22 10:52
560,AZT-3TC-LPV-RTV,Second Line,,3/9/22 12:03
561,TDF-3TC-DTG-ATV/RTV,Second Line,,3/13/22 19:18
562,ETR-DTG-DRV-RTV,Third Line,,3/15/22 12:39
563,ABC-3TC-DTG-LPV/RTV,Second Line,,3/15/22 21:49
564,ABC-3TC-RAL-DRV/rtv,Third Line,,3/16/22 9:09
565,ABC-3TC-DT-DRV/rtv,Third Line,,3/17/22 10:52
566,TDF-3TC-DTG-DRV/RTV,Second Line,,3/17/22 12:04
567,TDF-3TC-ATV-r,Third Line,,3/17/22 14:48
568,000-000-DTG-ABC/3TC,First Line,,3/18/22 8:45
569,000-000-DTG-TDF/3TC,Second Line,,3/18/22 8:57
570,AZT-3TC-EFV,,,3/18/22 13:02
571,ABC/-3TC-LPV/r,First Line,,3/19/22 15:27
572,ABC/-3TC-EFV,First Line,,3/19/22 15:28
573,TDF-3TC-ATV/r,,,3/20/22 6:21
574,ABC-3TC-ATV/r,,,3/20/22 6:55
575,D4T-3TC-NVP,,,3/20/22 8:29
576,AZT+3TC+DTG,Third Line,,3/21/22 5:46
577,CBV-3TC-NVP,First Line,,3/21/22 8:44
578,TDF-3TC-EFV-TDF/3TC,First Line,,3/23/22 6:26
579,DTG-TDF-3TC,Second Line,,3/23/22 15:35
580,TDF-3TC-DTG,,,3/24/22 4:23
581,DDI-3TC-LPV/r,Second Line,,3/24/22 8:47
582,DRV+RTV+RAL+ABC+3TC,Third Line,,3/24/22 22:01
583,DRV-RTV-DGT-TDF/3TC,Third Line,,3/25/22 8:24
584,AZT-3TC-LPV/RTV,First Line,,3/25/22 9:53
585,TDF-3TC-DRV-RTV/DTG,Third Line,,3/25/22 10:58
586,ABC-DDI-LPV/r,Second Line,,3/25/22 13:29
587,TDF-3TC-TDF-3TC/EFV,First Line,,3/28/22 7:52
588,TDF-TDF-3TC-3TC/EFV,First Line,,3/28/22 7:53
589,AZT-3TC--------/ATV/r,Second Line,,3/28/22 7:55
590,TDF-----3TC----/ATV/r,First Line,,3/28/22 7:56
591,AZT-----3TC----/EFV,Second Line,,3/28/22 7:56
592,TDF-----3TC----/EFV,First Line,,3/28/22 7:57
593,AZT-----3TC----/ATV/r,Second Line,,3/28/22 7:58
594,ABC-3TC-LPV-R Pel,First Line,,3/28/22 8:49
595,AZT-----3TC----/DTG,Second Line,,3/28/22 11:00
596,ABC-3TC-DTG-ETV/DRV/r,Third Line,,3/29/22 10:48
597,TDF-3TC-ETV-DRV/RTV,Third Line,,3/29/22 12:43
598,3TC-AZT-LPV/r,Second Line,,3/29/22 13:28
599,ABC-3TC-EFV,,,3/30/22 6:10
600,ABC-3TC-RAL-DRV/RTV,,,4/2/22 10:08
601,ABC-3TC-RAL-DRV/RTV,,,4/2/22 10:08
602,TDF-3TC-ATV/r,,,4/4/22 10:15
603,TDF-3TC-000/DTG,Second Line,,4/4/22 12:09
604,TDF-FTC-EFV-RAL,First Line,,4/4/22 17:04
605,TDF-FTC-EFV,,,4/4/22 17:11
606,ABC-3TC-LPV/r,,,4/5/22 4:57
607,TLD-DTG-ETR-DRV/r,Third Line,,4/5/22 9:49
608,DTG-LPV-RTV,Third Line,,4/5/22 10:16
609,TDF-3TC-LPV/r,,,4/5/22 11:36
610,AZT-3TC-ATV/r,,,4/5/22 11:36
611,TDF-3TC-DTG,,,4/6/22 13:32
612,TDF-3TC-LPV/r,,,4/7/22 13:29
613,3TC-DTG-DRV-RTV,Third Line,,4/7/22 15:46
614,AZT-3TC-NVP,,,4/8/22 6:45
615,AZT-3TC-ATR-RTV,Second Line,,4/11/22 11:03
616,AZT-3TC-NUP,First Line,,4/11/22 14:19
617,AZT-----3TC----/NVP,First Line,,4/11/22 14:34
618,TDF-----3TC----/LPV/r,,,4/11/22 14:36
619,TDF-----3TC----/ATV/r,,,4/11/22 14:38
620,TDF-----3TC----/LPV/r,Second Line,,4/11/22 15:04
621,TDF-----3TC----/ATV/r,Second Line,,4/11/22 15:05
622,DTG-DRV-RTV-ABC/3TC,Third Line,,4/12/22 13:15
623,TDF-3TC-3TC,First Line,,4/12/22 13:57
624,AZT-3TC-ATV/r-TDF,Second Line,,4/13/22 7:28
625,TDF-3TC-DTG,,,4/13/22 8:10
626,3TC-TDF-DTG,Third Line,,4/15/22 16:06
627,TDF-3TC-EFV,,,4/16/22 20:56
628,AZT-3TC-EFV,,,4/19/22 10:43
629,D4T-3TC-LPV/r,First Line,,4/19/22 12:29
630,AZT-3TC-NVP,,,4/19/22 12:37
631,EFV-EFV-EFV-TDF/3TC,First Line,,4/21/22 12:04
632,TDF-3TC-NVP,,,4/24/22 15:02
633,3TC-NVP-D4T,First Line,,4/25/22 13:14
634,ABC/ -3TC-DTG,First Line,,4/26/22 8:49
635,ETR-LPV-RTV,Third Line,,4/28/22 4:11
636,AZT-3TC----/NVP,First Line,,4/29/22 13:08
637,AZT-3TC-----EFV,First Line,,4/29/22 13:12
638,TDF-3TC-DTG,,,5/3/22 5:54
639,ABC/ -3TC-LPVr ,Second Line,,5/3/22 6:34
640,AZT-3TC-EFVr ,First Line,,5/3/22 6:38
641,ABC/-3TC-LPV/r,Second Line,,5/3/22 9:02
642,AZT-3TC-ATV-RTV,Third Line,,5/4/22 9:53
643,TDF-3TC-LPV-r,First Line,,5/5/22 12:41
644,ABC-3TC-ATV-r,Second Line,,5/5/22 13:47
645,TDF-FTC-NVP,First Line,,5/5/22 14:18
646,RLT-LPV-RTV,First Line,,5/5/22 14:21
647,ABC-3TC-LPV/r-TDF/3,Second Line,,5/6/22 15:00
648,DRV-RTV-DTG-ABC/3TC,Second Line,,5/9/22 10:25
649,TDF+3TC+DTG,First Line,,5/9/22 10:36
650,TDF-3TC-LPV,Second Line,,5/10/22 10:18
651,TDF-3TC-ATV,Second Line,,5/10/22 10:19
652,NVP-AZT-3TC,First Line,,5/10/22 10:46
653,TDF-3TC-DTG/d-DRV/r/ETR,Third Line,,5/10/22 14:18
654,AZT-3TC-DTG,,,5/11/22 11:35
655,AZT-3TC-NVP,,,5/11/22 11:39
656,ABC-3TC-ATV/r,,,5/11/22 11:43
657,AZT-3TC-NVP,,,5/11/22 11:46
658,ABC-3TC-LPV/r,,,5/11/22 11:56
659,AZT-3TC-ATZ,Second Line,,5/12/22 13:26
660,TDF-3TC-DTG/d,Third Line,,5/12/22 13:32
661,AZT-3TC-NVP,,,5/13/22 10:54
662,TDF-3TC-DTG,,,5/13/22 14:43
663,ABC/ -3TC-DTG,Second Line,,5/15/22 8:33
664,TDF-3TC-EFV,,,5/15/22 12:10
665,ABC-3TC-EFV,,,5/16/22 7:19
666,ABC-3TC-LPV/r-RTV,Second Line,,5/16/22 7:47
667,ABC-3TC-DTG,,,5/16/22 9:36
668,DTF-3TC-DTG,First Line,,5/16/22 10:02
669,TDF-3TC-LPV/r,,,5/17/22 8:43
670,TDF-3TC-DTG,,,5/17/22 9:56
671,AZT-3TC-NVP,,,5/17/22 10:09
672,ABC-3TC-NVP,,,5/17/22 10:10
673,ABC-3TC-LPV/r,,,5/17/22 10:12
674,3TC-AZT-DTG,Second Line,,5/17/22 12:56
675,3TC-TDF-DTG,Second Line,,5/17/22 13:35
676,3TC/ -TDF-DTG,Second Line,,5/17/22 13:55
677,ABC-3TC-LPV/r,,,5/18/22 7:19
678,TDF-3TC-ATV/r,,,5/18/22 14:16
679,TDF-3TC-DTG,,,5/18/22 14:17
680,LEFt blank-RTV-LPV-TDF/3TC,Second Line,,5/19/22 17:25
681,3TC-TDF-ATV/r-DTG,Second Line,,5/20/22 9:25
682,TDF-3TC-ATA/z,Second Line,,5/20/22 11:06
683,DTG-3TC-DRV-RTV,Third Line,,5/21/22 8:30
684,TRIom-3TC-EFV,First Line,,5/23/22 7:04
685,TDF-3TC-EFV,,,5/24/22 6:13
686,ABC-3TC-DDI,First Line,,5/25/22 9:14
687,TLE-3TC-EFV,First Line,,5/26/22 15:24
688,ATV-RTV-NIL-TDF/3TC,Second Line,,5/27/22 7:29
689,NIL-NIL-EFV-TDF/3TC,First Line,,5/27/22 9:24
690,LEFt blank-AZT-3TC-DTG,Second Line,,5/31/22 12:57
691,AZT-3TC-RAL-DRV/RTV,Third Line,,6/1/22 11:09
692,AZT-AZT-3TC-NVP,First Line,,6/1/22 12:13
693,LPV-RTV-RAL,Third Line,,6/1/22 12:54
694,ETR-RAL-DRV-RTV,Third Line,,6/1/22 13:12
695,TDF-DTG-3TC,Third Line,,6/1/22 17:36
696,3TC-ABC-DTG-DRV/r,Third Line,,6/2/22 13:48
697,3TC-TDF-DTG/ ,Second Line,,6/4/22 5:40
698,ABC-3TC-DTG,,,6/6/22 6:29
699,TLD-DRV-ETR,Third Line,,6/6/22 11:55
700,ABC-3TC-LPV/r,,,6/7/22 11:05
701,AZT-3TC-LPV/r,,,6/7/22 11:37
702,AZT-3TC-LPV/r,,,6/7/22 11:37
703,AZT-3TC-LPV/r,,,6/7/22 11:37
704,AZT-3TC-ATV/r,,,6/7/22 11:45
705,TDF-3TC-ETR-DRV/RTV,Third Line,,6/7/22 13:35
706,DTG-DRV-RVR,Third Line,,6/8/22 8:33
707,ABC-3TC-EFV,,,6/8/22 9:11
708,ABC-3TC-EFV,,,6/8/22 9:11
709,ABC-3TC-LPV/r,,,6/8/22 9:11
710,DTG-DRV-RTV,Second Line,,6/9/22 19:41
711,ABC-3TC-LPV/r,,,6/13/22 8:28
712,ABC-3TC-LPV/r,,,6/13/22 8:28
713,ABC-3TC-LPV/r,,,6/13/22 8:28
714,TDF-3TC-DTG,,,6/13/22 9:49
715,ABC-3TC-LPV/r,,,6/14/22 12:48
716,ABC-3TC-DTG,,,6/14/22 13:32
717,AZT/ -3TC-ATV/r,Second Line,,6/14/22 21:29
718,DRV+RTV+RAL+TDF+3TC,Third Line,,6/15/22 22:00
719,ABC-3TC-DTG,,,6/16/22 6:13
720,ABC-3TC-DTG,,,6/16/22 6:13
721,TDF-3TC-DTG/ -DRV/r,Third Line,,6/16/22 18:58
722,ABC-3TC-RPV/r,Second Line,,6/17/22 1:40
723,ABC-3TC-DRV-RTV/RAL,Third Line,,6/17/22 1:48
724,3TC-ABC-NVP,First Line,,6/17/22 9:26
725,ABC-3TC-DTG-DRA,Third Line,,6/17/22 9:31
726,3TC-ABC-RAL,Second Line,,6/17/22 9:52
727,3TC-ABC-DTG,Second Line,,6/17/22 9:53
728,ABC-3TC-LPV/r/ABC/d,Second Line,,6/21/22 3:14
729,AZT-3TC-DTC/g,First Line,,6/21/22 10:43
730,ABC-3TC-DTG,,,6/22/22 9:26
731,LPV/r-...-...-ABC/3TC,First Line,,6/22/22 9:58
732,LPV/r-...-...-ABC/3TC,Second Line,,6/22/22 10:22
733,ABC/ -3TC-EFV,First Line,,6/22/22 10:50
734,ABC-3TC-RPV/r,First Line,,6/22/22 20:28
735,ABC-3TC-DTG,,,6/22/22 20:31
736,ABC-3TC-LPV/r-DTG,Second Line,,6/27/22 8:59
737,ABC-3TC-DTG-DRV/r/ETV,Second Line,,6/27/22 14:33
738,TDF-3TC-DTG,,,6/28/22 8:51
739,AZT-3TC-DTG,,,6/28/22 13:18
740,LPV/r-...-...-TDF/3TC,Second Line,,6/30/22 9:22
741,EFV-...-...-AZT/3TC,First Line,,6/30/22 13:39
742,TDF-3TC-DTG,,,7/5/22 10:51
743,TDF-3TC-EFV,,,7/5/22 21:35
744,LEFtblank-TDF-3TC-ATV/r,Second Line,,7/7/22 15:14
745,ABC-3TC-DTG/ -ABC/3TC,First Line,,7/7/22 20:03
746,TDF-3TC-DTG-DRA//RTV,Third Line,,7/8/22 15:21
747,TDF-3TC-DTG,,,7/13/22 9:48
748,STV-3TC-NVP,First Line,,7/14/22 7:25
749,TDF/ -3TC-ATV/r,Second Line,,7/14/22 12:49
750,TDF/ -3TC-DTG/ -DRV/RTV,Third Line,,7/14/22 13:35
751,TDF-3TC-DTG-ATV/r,Second Line,,7/15/22 7:02
752,ABC-3TC-LPV/r,,,7/15/22 10:20
753,ABC-3TC-LPV/r,,,7/19/22 6:16
754,ABC/ -3TC-ATV/r,Second Line,,7/20/22 7:06
755,TDF-3TC-DTG/ ,Third Line,,7/21/22 10:44
756,TDF-3TC-DTG-RTV/DRV,Third Line,,7/22/22 9:56
757,AZT-3TC-NVP,,,7/22/22 14:29
758,AZT-3CT-DTG,Second Line,,7/23/22 10:15
759,AZT-3TC-ATZ/n,Second Line,,7/23/22 10:25
760,DRV-RTV-ETV-TDF/3TC,Third Line,,7/25/22 7:46
761,TDF-3TC-DTG-DTG,Third Line,,7/25/22 8:17
762,TDF-3TC-3TC/DTG,Second Line,,7/25/22 12:53
763,AZT-3TC-3TC-NVP,First Line,,7/25/22 14:21
764,TDF-3TC-AZT,First Line,,7/26/22 11:34
765,EFV-3TC-ALV,Second Line,,7/26/22 11:37
766,TDF-3TC-DTG-DRV/ETV/r,Third Line,,7/26/22 11:39
767,ETV-DRV-RTV,Third Line,,7/28/22 7:27
768,----AZT-3TC-ATV/RTV,Second Line,,7/28/22 13:14
769,DTG-ATV-RTV,Third Line,,7/28/22 14:16
770,ABC-3TC-LPV/r,,,7/29/22 7:02
771,ABC-3TC-DTG,,,7/29/22 7:21
772,AZT-3TC-DTG/DTG,Second Line,,8/2/22 5:47
773,TLD-TDF-3TC-DTG,First Line,,8/2/22 8:55
774,TDF-3TC-DTG-DRV/RITon,Third Line,,8/2/22 13:51
775,TDF/ -3TC-DTG/ -ATV/r,Second Line,,8/4/22 10:27
776,AZT/ -3TC-DTG/ ,Second Line,,8/4/22 10:39
777,TDF-3TC-EFV-.../.../.,First Line,,8/4/22 13:27
778,TLD-TLD-TLD-TLD/TLD,Second Line,,8/5/22 13:36
779,.../.-...-DTG-TDF/3TC,First Line,,8/9/22 6:53
780,ABC-3TC-RAL,First Line,,8/10/22 7:20
781,ABC-3TC-DTG,,,8/10/22 7:20
782,ABC-3TC-NPV,First Line,,8/10/22 13:28
783,...-...-NVP-AZT/3TC,First Line,,8/11/22 7:39
784,...-...-ATV/r-ABC/3TC,Second Line,,8/11/22 7:44
785,...-...-LPV/r-ABC/3TC,Second Line,,8/11/22 7:45
786,AZT/ -3TC-EFV,First Line,,8/16/22 9:28
787,ABC-3TC-LPV/r,,,8/17/22 8:33
788,TDF-3TC-ATV/.,First Line,,8/17/22 13:15
789,AZT-3TC-DTG-ATV/rtv/RTV,Third Line,,8/18/22 11:09
790,AZT-3TC-DTG,,,8/18/22 12:40
791,TDF-3TC-DTG-DRV/RTV,,,8/22/22 11:13
792,TDF-3TC-DTG-DRV/r/DTG,Third Line,,8/30/22 8:09
793,AZT-3TC-NPV,First Line,,8/30/22 10:53
794,DRV-RTV-RAL-ETV,Third Line,,8/30/22 11:03
795,TDG-3TC-EFV,First Line,,8/31/22 4:36
796,TDF-3TC-DRV/r-ETR,Third Line,,9/2/22 9:47
797,ABC-3TC-LPV/r,,,9/5/22 9:41
798,ABC-3TC-DTG-DRV/r/ETV,Third Line,,9/6/22 5:13
799,AZT-3TC-ATV,Second Line,,9/7/22 7:54
800,TRU-ETV-DTG-DRV/RIT,Third Line,,9/7/22 12:45
801,4DT-3TC-NVP,First Line,,9/8/22 12:02
802,TLD-DVR-RTV-DRV/rtv,Third Line,,9/9/22 9:40
803,ABC-3TC-ATV/r,,,9/13/22 9:45
804,AZT-3TC-LPV/RIT,Second Line,,9/22/22 12:51
805,TDF-3TC-NVP,Third Line,,9/23/22 2:54
806,TDF+3TC+ATV/r,Third Line,,9/23/22 2:57
807,ABC+3TC+ATV/r,Third Line,,9/23/22 2:58
808,ABC+3TC+RAL+DRV+RTV,Third Line,,9/23/22 2:59
809,d4T-3TC-EFV,Third Line,,9/23/22 3:01
810,TDF+3TC+EFV,Third Line,,9/23/22 3:02
811,ABC+3TC+NVP,Third Line,,9/23/22 3:08
812,TDF+3TC+NVP,Third Line,,9/23/22 3:11
813,AZT+3TC+RAL,Third Line,,9/23/22 3:38
814,ABC+3TC+RAL,Third Line,,9/23/22 3:38
815,TAF+3TC+DTG,Third Line,,9/23/22 3:46
816,DRV+ RTV+DTG+AZT+3TC,Third Line,,9/23/22 3:48
817,ABC-3TC-DTG/DTG,Second Line,,9/27/22 10:20
818,Other Regimen,Third Line,,9/28/22 2:14
819,TDF-3TC-DRV-RTV/ETV,Third Line,,9/28/22 14:16
820,ABC-3TC-DTG,,,10/4/22 7:25
821,ABC-3TC-DTG,,,10/4/22 7:27
822,ABC-3TC-DTG,,,10/4/22 7:27
823,ABC-3TC-DTG,,,10/4/22 7:27
824,ABC-3TC-DTG,,,10/4/22 7:27
825,TDF-3TC-DTG,,,10/4/22 9:54
826,TDF-3TC-DTG,,,10/4/22 9:54
827,TDF-3TC-ALP/v-RTV,Second Line,,10/10/22 7:00
828,TDF-3TC-ATV-RTV/r,Second Line,,10/10/22 7:39
829,TDF-STC-EFV,Second Line,,10/11/22 8:27
830,TDF-3TC-ATV/r,,,10/11/22 8:28
831,AZT-3TC-LPV,First Line,,10/11/22 12:47
832,TDF-3TC-NVP,,,10/11/22 15:17
833,AZT-3TC-LPV-RTV,First Line,,10/12/22 7:24
834,AZT-3TC-DTG,,,10/12/22 11:13
835,AZT+3TC+DTG,First Line,,10/12/22 11:24
836,DRV+RTV+EFV+TDF+3TC,Third Line,,10/12/22 11:26
837,TDF/ -3TC-3TC/ATV,Second Line,,10/12/22 12:21
838,...-...-TDF-3TC/ATV,Second Line,,10/12/22 13:05
839,AZT-3TC-LPV/r,,,10/12/22 14:07
840,AZT-3TC-LPV/r,,,10/13/22 6:26
841,ABC-ABC-3TC/LPV/r,First Line,,10/13/22 8:57
842,AZT-3TC-ATA/z,Second Line,,10/13/22 9:04
843,ETV/r-DRV-RTV,Third Line,,10/13/22 13:16
844,AZT-3TC-NIV,First Line,,10/16/22 13:56
845,AZT-3TC-LPV/r,,,10/17/22 10:40
846,ABC-3TC-DTG-LPV,Second Line,,10/18/22 10:16
847,AZT-3TC-LPV/r,,,10/19/22 6:04
848,3TC-ABC-LOPvr,Second Line,,10/19/22 11:02
849,TDF-3TC-DTG-RTV/DVR,Third Line,,10/19/22 12:34
850,ABC-3TC- DT/g,First Line,,10/19/22 15:18
851,3TC-TDF-DTG,,,10/19/22 17:51
852,ABC-3TC-LPV/r,,,10/19/22 23:51
853,TDF-3TC-ATV/r,,,10/20/22 5:02
854,3TC-TDF-DTG,First Line,,10/20/22 6:42
855,3TC-D4T-NVP,First Line,,10/20/22 7:35
856,ABC3t-3TC-NVP,First Line,,10/20/22 7:38
857,TDF-3TC-ATV/r,,,10/20/22 10:33
858,3TC-D4T-EFV,First Line,,10/20/22 11:24
859,TDF-3TC-DTG-TDF/3TC,Second Line,,10/21/22 6:42
860,TDF-3TC-DTG,,,10/21/22 6:46
861,TDF-3TC-DTG,,,10/21/22 6:47
862,TDF-3TC-DTG,,,10/21/22 6:47
863,AZT-3TC-NVP,Left Blank,,10/24/22 5:31
864,ABC-3TC-DTG-LPV/r,Third Line,,10/25/22 7:51
865,TDF-3TC-ATV/r,,,10/26/22 13:36
866,TDF-3TC-DRV/r-ETV,Third Line,,10/27/22 7:59
867,TLD-TDF-3TC-DGT,Second Line,,10/27/22 9:27
868,LPV-RTV-LPV-ABC/3TC,First Line,,10/28/22 9:57
869,LPV-RTV-LPV-ABC/3TC,First Line,,10/28/22 9:57
870,TDF-3TC-LPV-r,Second Line,,10/28/22 13:38
871,OOO-OOO-NVP-D4T/3TC,First Line,,11/2/22 6:45
872,OOO-OOO-NVP-AZT/3TC,First Line,,11/2/22 7:07
873,OOO-OOO-LPV/r-ABC/3TC,Second Line,,11/2/22 7:12
874,OOO-OOO-ATV/r-ABC/3TC,Second Line,,11/2/22 7:14
875,ABC-3TC-DTG,,,11/2/22 10:51
876,ABC-3TC-LPR-RTV,Second Line,,11/3/22 15:45
877,ABC-3TC-LPV/r,,,11/4/22 7:20
878,ABC-3TC-LPV/r,,,11/4/22 14:30
879,ABC-3TC-LPV/r,,,11/4/22 14:39
880,AZT-3TC-DTG,,,11/4/22 14:40
881,ABC/ -3TC-LPV/r,First Line,,11/4/22 15:27
882,TDF-3TC-NVP,,,11/5/22 11:41
883,TDF-3TC-DRV/r,First Line,,11/7/22 8:46
884,DDI-ABC-LPV/r,Second Line,,11/7/22 9:50
885,AZT-3TC-NVP,,,11/7/22 21:02
886,TDF-3TC-ETR,Third Line,,11/8/22 8:34
887,DTG-DRV-ETR-RTV,Third Line,,11/8/22 14:14
888,AZT-3TC-NEV,,,11/9/22 7:41
889,TDF-3TC-TDF-3TC/DTG,Second Line,,11/9/22 8:18
890,...-...-DTG-DRV/RTV,Third Line,,11/9/22 10:08
891,ABC-3TC-LPV/r,,,11/9/22 10:41
892,LPV-RTV-NIL-AZT/3TC,Second Line,,11/9/22 11:22
893,ABC-3TC-DTG,,,11/9/22 12:41
894,NIL-NIL-EFV-ABC/3TC,First Line,,11/10/22 6:45
895,ABC-3TC-ETV-DRV/RTV,Third Line,,11/10/22 11:03
896,000-OOO-EFV-TDF/3TC,First Line,,11/11/22 15:16
897,OOO-OOO-ATV/r-AZT/3TC,Second Line,,11/11/22 15:19
898,OOO-OOO-DTG-AZT/3TC,Second Line,,11/11/22 15:20
899,TLD-DTG-DRV-RTV,Third Line,,11/14/22 13:24
900,DTG-DRV-RTR,Second Line,,11/15/22 11:39
901,AZT+3TC+ATV/R,Left Blank,,11/17/22 6:16
902,DTG-3TC-AZT,Third Line,,11/18/22 9:20
903,DTG-3TC-TDF,Second Line,,11/18/22 9:50
904,AZT-3TC-EFV,,,11/20/22 8:56
905,AZT-3TC-DRV/r-RAL,Third Line,,11/21/22 13:42
906,TDF-3TC-NIV,First Line,,11/22/22 11:46
907,ABC-3TC-LPV/r,,,11/25/22 12:46
908,ABC-3TC-LPR/r,First Line,,11/26/22 8:43
909,AZT-3TC-DTG,,,11/29/22 11:23
910,AZT-3TC-DTG-DTG,Second Line,,11/29/22 12:02
911,--------ABC-3TC/EFV,First Line,,11/30/22 10:48
912,3TC-ABC-LOP/v,Second Line,,12/3/22 9:28
913,3TC-ABC-LOPvr,First Line,,12/4/22 8:12
914,3TC-ABC-DTG,First Line,,12/4/22 8:13
915,TDF-3TC-ATV/r,,,12/5/22 17:00
916,TDF-3TC-ATV/r,,,12/5/22 17:00
917,TDF-3TC-DTG,,,12/6/22 8:05
918,000-000-NVP-TDF/3TC,First Line,,12/7/22 8:54
919,TDF-----3TC-////LPV/r,First Line,,12/7/22 13:27
920,DTG-3TC-TDF,Third Line,,12/8/22 6:51
921,ABC-3TC-ATV/RTV,Second Line,,12/12/22 9:39
922,TDF-3TC-DTG/DRVrt,Third Line,,12/12/22 9:49
923,AZT-3TC-DTG-CXT,Second Line,,12/12/22 10:11
924,DTG-DTG-DRV/r,Third Line,,12/13/22 9:00
925,AZT-3TC-NVP,,,12/16/22 11:23
926,TDF-3TC-EFV,,,12/20/22 9:46
927,TDF-3TC-EFV,,,12/20/22 9:46
928,AZT/ -3TC-DTG,Second Line,,12/21/22 13:27
929,OTHers-ABC-3TC-LPV/r,Second Line,,12/26/22 7:26
930,ABC/ -3TC-EFVr ,,,1/4/23 12:59
931,ABC/ -3TC-LPVr ,First Line,,1/4/23 13:03
932,TDF-3TC-DTG-DTG/DRV/r,Third Line,,1/6/23 9:28
933,DTG-DTG-DRV-RTV,Third Line,,1/6/23 10:03
934,TDF-3TC-DTG-DTG/DRV/r,Second Line,,1/6/23 10:10
935,...-...-...,,,1/6/23 14:46
936,TDF/ -3TC-DTG,First Line,,1/7/23 7:32
937,ABC/t-3TC-LPV/r,First Line,,1/9/23 5:17
938,AZT-3TC-DTG,,,1/9/23 8:48
939,AZT-3TC-DTG,,,1/9/23 8:48
940,AZT-3TC-DTG,,,1/9/23 8:48
941,000-000-ATV/r-TDF/3TC,Second Line,,1/9/23 13:09
942,TDF-3TC-LPV/r,,,1/9/23 14:05
943,AZT-3TC-DTG,,,1/10/23 8:03
944,TDF-3TC-DTG-EFV,First Line,,1/10/23 8:07
945,AZT-3TC-RA;/l,Second Line,,1/12/23 9:47
946,AZT/ -3TC-DRV-RTV,Third Line,,1/12/23 12:10
947,ABC-3TC-LPV/r-DTG,Third Line,,1/13/23 7:51
948,TDF-3TC-LPV/r,,,1/16/23 8:02
949,ABC-3TC-DTG-DRV/RTV,,,1/16/23 12:41
950,ABC-3TC-DTG,,,1/16/23 14:34
951,ABC+3TC+DTG,First Line,,1/16/23 14:39
952,TDF-3TC-ETV/r,Third Line,,1/17/23 9:43
953,ACB-3TC-ATV/r,Second Line,,1/17/23 10:00
954,TDF-3TC-DTG-DARun,Third Line,,1/17/23 11:22
955,TDF/ -3TC-DTG/ ,,,1/18/23 4:20
956,AZT-AZT-LPV/r/3TC,First Line,,1/18/23 7:23
957,3TC-AZT-ATV/r,Second Line,,1/18/23 9:22
958,TDG-3TC-DTG-ETR,Third Line,,1/18/23 19:32
959,ABC-3TC-DTG,,,1/20/23 7:35
960,AZT-3TC-DTG,,,1/20/23 9:45
961,ETR-RTV-ATV-AZT/3TC,Second Line,,1/20/23 12:05
962,D4T-3TC-DTG,First Line,,1/23/23 14:16
963,AZT-DDI-LPV-RTV,First Line,,1/24/23 5:33
964,ATV-RTV-ATV-AZT/3TC,Second Line,,1/24/23 8:43
965,TDF-DTG-3TC/DRV/r,Third Line,,1/25/23 3:00
966,000-000-EFV-TDF/3TC,First Line,,1/27/23 11:02
967,TDF-3TC-LPV-RITon,Second Line,,1/28/23 11:44
968,ABC-3TC-LPV-RITon,Second Line,,1/28/23 11:45
969,AZT-3TC-NVP,,,1/31/23 7:04
970, AB/c-3TC-EFV,First Line,,2/1/23 9:34
971,TDF-FTC-LPV-RTV,Second Line,,2/1/23 9:49
972,AZT-3TC-ATV/r,,,2/1/23 10:51
973,TDF-3TC-DAR-RTV/r/DTG,Third Line,,2/2/23 11:07
974,ATV-RTV-NIL-ABC/3TC,Second Line,,2/2/23 14:27
975,TDF-3TC-EFV,,,2/6/23 9:31
976,TDF-3TC-ATV/RTV,Third Line,,2/8/23 12:11
977,DRV/r-ETV-DTG-TDF/3TC,Third Line,,2/12/23 13:24
978,ABC-3TC-LPV/r,,,2/12/23 19:06
979,AZT-3TC-LPV/r,,,2/13/23 7:10
980,AZT-3TC-LPV/r,,,2/13/23 7:18
981,AZT-3TC-NVP,,,2/14/23 9:22
982,AZT-3TC-RFV,First Line,,2/14/23 10:45
983,TDF-3TC-DTG-TDF/3TC,First Line,,2/14/23 10:54
984,TDF-3TC-DTG/-DRV/RTV,Third Line,,2/17/23 9:56
985,TDF-3TC-EFV,,,2/17/23 12:34
986,ANC-3TC-LPV-RTV,Second Line,,2/21/23 7:02
987,AZT-3TC-NVP,,,2/22/23 12:59
988,AZT-3TC-EFV,,,2/22/23 13:43
989,ETV-DTG-LPVlr,Third Line,,2/24/23 10:41
990,AZF-3TC-NVP,First Line,,2/27/23 13:10
991,AZT-3TC-DTG-DTG,First Line,,2/27/23 14:51
992,AZT-3TC-NVP,,,2/28/23 16:47
993,TDF-3TC-ATV-RTV,Third Line,,2/28/23 17:15
994,ABC/ -3TC-LVP/r,First Line,,3/1/23 8:10
995,ABC/3tc-3TC-DTG-LPV/r,First Line,,3/1/23 13:54
996,TDF-3TC-EFV-TDF,Second Line,,3/2/23 7:44
997,AZT-3TC-DTG,,,3/2/23 7:48
998,ABC-TDF-DTG,,,3/2/23 13:53
999,AZT-3TC-LPV/r,,,3/3/23 14:01
1000,TDF-3TC-EFV-TDF,First Line,,3/6/23 6:14
1001,TDF-3TC-DTG,,,3/6/23 9:24
1002,ABC-3TC-DTG,,,3/6/23 9:34
1003,TDF-3TC-DTG-DTG,Second Line,,3/7/23 7:55
1004,DTG-LPV-RTV,Second Line,,3/7/23 14:14
1005,DRV-RTV-ETV,Third Line,,3/8/23 10:24
1006,AZT-3TC-LPV/r,,,3/8/23 11:03
1007,TDF-3TC-DTG-DRV/ETV,Third Line,,3/9/23 6:18
1008,ABC-3TC-DTG-3TC/DTG,First Line,,3/13/23 11:56
1009,DRV-DTG--------/---,Third Line,,3/13/23 12:57
1010,ETR-DRV-RTV-RAL,Third Line,,3/13/23 13:39
1011,ABC-3TC-LPV-RTV/r,First Line,,3/14/23 10:07
1012,TDF-3TC-EFV,,,3/15/23 7:31
1013,ABC-3TC-EFV,,,3/15/23 9:22
1014,ABC-3TC-NVP,,,3/15/23 9:29
1015,TFF-3TC-DTG,Second Line,,3/15/23 10:39
1016,TDF-3TC-DTG,,,3/15/23 11:15
1017,TDF-3TC-DRV-RTV/ETR,Third Line,,3/15/23 13:00
1018,AZT/ -3TC-NVP,Second Line,,3/16/23 5:03
1019,AZT-3TC-ATV/r,,,3/16/23 5:04
1020,ABC-3TC-ATV-RIT,Second Line,,3/16/23 19:13
1021,AZT-3TC-ETR-DRV/RTV,Third Line,,3/21/23 5:09
1022,AZT-3TC-DTG-DRV,Third Line,,3/21/23 8:21
1023,AZT-AZT-3TC,First Line,,3/21/23 10:15
1024,ABC-3TC-DTG,,,3/21/23 11:05
1025,ABC-3TC-LPV/r/3TC,First Line,,3/21/23 19:41
1026,TDF-3TC-DTG-TDF,First Line,,3/21/23 19:45
1027,TDF-3TC-DTG-DTG/ /DRV/r,Third Line,,3/23/23 11:06
1028,AZT-3TC-ETV-DRV/RTV,Third Line,,3/24/23 7:36
1029,DTG-DTG-DTG,Second Line,,3/24/23 13:36
1030,DRV-RTV-TDF-3TC,Third Line,,3/25/23 12:17
1031,ABC-3TC-EFV,,,3/27/23 8:14
1032,ABC-3TC-LPV/r,,,3/27/23 8:20
1033,CBV-AZT-3TC-NVP,First Line,,3/27/23 10:45
1034,TDF-3TC-ATV-ATV/r,Second Line,,3/27/23 11:05
1035,TDF-3TC-EFV,,,3/27/23 11:17
1036,AZT-3TC-DTG,,,3/27/23 12:01
1037,AZT-3TC-ATV-/R.,Second Line,,3/28/23 6:28
1038,ABC-3TC-LPVr ,First Line,,3/28/23 7:55
1039,ABC-3TC-LPV/r,,,3/28/23 8:01
1040,TDF-3TC-ATV-/R.,Second Line,,3/28/23 8:46
1041,AZT-3TC-ATV-/R.,First Line,,3/28/23 8:57
1042,AZT-3TC-NVP-...,First Line,,3/28/23 9:24
1043,TDF-3TC-DTG,,,3/28/23 10:11
1044,ABC-3TC-EFV,,,3/28/23 10:31
1045,AZT-3TC-DTG,,,3/29/23 9:06
1046,ABC-3TC-DTG,,,3/29/23 9:46
1047,ABC-3TC-LOP/RVR,Second Line,,3/29/23 11:46
1048,DRV-RTV-ETR-TDF/3TC,Third Line,,3/29/23 13:57
1049,TDF-3TC-EFV,,,3/29/23 14:13
1050,AZT-3TC-NVP,,,3/31/23 5:55
1051,TDF-3TC-DTG-LPV/r,Third Line,,3/31/23 7:53
1052,AZT-3TC-DTG,,,4/3/23 7:56
1053,AZT-3TC-DTG,,,4/3/23 7:59
1054,ABC-3TC-LPV/r,,,4/3/23 12:50
1055,AZT-3TC-DRV/r-DTG,Third Line,,4/3/23 13:18
1056,ABC-3TC-DTG-LPV/RTR,First Line,,4/4/23 10:16
1057,TDF/ -3TC-DTG,Second Line,,4/6/23 11:22
1058,ABC-3TC-DTG,,,4/11/23 17:44
1059,ABC-3TC-DTG-DRV/r/ETR,Third Line,,4/12/23 8:48
1060,TDF-3TC-DRV-RTV,Second Line,,4/13/23 14:38
1061,AZT-3TC-NVP,,,4/14/23 13:54
1062,AZT-3TC-NVP,,,4/14/23 13:59
1063,TDF-3TC-DTG-DAR/RTV,Third Line,,4/18/23 13:34
1064,AZT-3TC-ATAza,Second Line,,4/20/23 11:35
1065,D4T-3TC-NPV,First Line,,4/21/23 8:38
1066,TLD-DRV-DTG,Third Line,,4/24/23 13:01
1067,TLD-DTG-DRV/r,Third Line,,4/24/23 13:04
1068,TLD-DTG-DRV/r-LEN,Third Line,,4/24/23 13:07
1069,ABC-3TC-LPV-LPV,Second Line,,4/24/23 14:51
1070,AZT-3TC-ATV/r,,,4/24/23 15:16
1071,AZT-3TC-DTG,,,4/25/23 10:54
1072,TDF-3TC-DTG,,,4/28/23 11:16
1073,ABC-3TC-LPV,,,5/2/23 9:31
1074,TDF-3TC-DAV-RTV,Third Line,,5/2/23 13:13
1075,ABC/ -3TC-LPV/r,,,5/2/23 13:23
1076,ABC/ -3TC-LPN/r,Second Line,,5/2/23 14:09
1077,ABC/ -3TC-NVP,,,5/2/23 14:13
1078,ABC-3TC-LPVlr,First Line,,5/3/23 11:00
1079,AZT-3TC-ATArl,Second Line,,5/3/23 11:59
1080,ABC-3TC-ATArl,Second Line,,5/3/23 12:01
1081,ABC-3TC-LPV/RIT,Second Line,,5/4/23 8:20
1082,TDF-3TC-DAR-RTV,Third Line,,5/8/23 10:42
1083,ETV-DTG-DRV/RTV,Third Line,,5/11/23 10:23
1084,ABC-3TC-DTG-...,Second Line,,5/12/23 12:14
1085,ABC-3TC-ATV/r-...,Second Line,,5/12/23 12:16
1086,TDF- TC-DTG-DRV/RTV,Third Line,,5/15/23 20:10
1087,AZT-3TC-ATV/r,,,5/16/23 7:19
1088,AZT-3TC-ATV/r,,,5/17/23 5:56
1089,DRV-RTV-DTG-ETV,Third Line,,5/17/23 14:12
1090,TDF-3TC-ATV-r-ETR,Third Line,,5/18/23 10:12
1091,AZT-3TC-ATV/r,,,5/24/23 13:32
1092,AZT-3TC-EFV/ ,First Line,,5/25/23 10:21
1093,TDF-3TC-DTG,,,5/25/23 10:51
1094,ABC-3TC-DRV-RTV,Third Line,,5/25/23 15:06
1095,ABC+3TC+ATV/r,First Line,,5/26/23 18:50
1096,Left Blank,,,5/26/23 18:50
1097,ABC-3TC-DTG-DRV//RTV,Third Line,,5/29/23 10:11
1098,EZT-3TC-ATV/r,Second Line,,5/30/23 12:40
1099,LEN-DRV-RTV,Third Line,,5/30/23 18:15
1100,EFV-3TC-AZT,First Line,,5/31/23 12:36
1101,TAF-3TC-DTG-DRV/r/ETR,Third Line,,6/2/23 17:49
1102,ABC-3TC-EFV,,,6/6/23 6:56
1103,AZT-3TC-DTG,,,6/6/23 7:02
1104,TDF/ -3TC-DRV-RTV,Third Line,,6/6/23 8:54
1105,TDF/ -3TC-DTG/ ,Third Line,,6/6/23 9:00
1106,TDF-3TC-EFV,,,6/6/23 13:03
1107,ABC-3TC-DRV-RTV,Second Line,,6/7/23 8:00
1108,TAF-3TC-DTG,Third Line,,6/8/23 12:04
1109,DRV-RTV-TDF-3TC/ETR,Third Line,,6/8/23 12:30
1110,TAF-3TC-DRV-RTV,Third Line,,6/10/23 12:06
1111,ABC-3TC-EFV,,,6/13/23 12:53
1112,ABC-3TC-LPV-RTV,,,6/13/23 13:02
1113,AZT-3TC-NVR,First Line,,6/14/23 17:29
1114,AZT-3TC-LPV/r,,,6/15/23 9:33
1115,AZT-3TC-DRV-RTV,First Line,,6/16/23 10:10
1116,OTHERS,First Line,,6/19/23 12:02
1117,TDF-3TC-DTG,,,6/20/23 11:44
1118,TDF-3TC-DTG,,,6/20/23 11:44
1119,TDF-3TC-DTG,,,6/20/23 11:45
1120,AZT-3TC-ATZav,Second Line,,6/21/23 11:03
1121,DRV-RTV-DTG,Second Line,,6/21/23 13:01
1122,ABC-3TC-NVP,,,6/26/23 6:45
1123,ABC-3TC-NVP,,,6/26/23 6:45
1124,TDF-3TC-DTG-DRV/rtv/DTG,Third Line,,7/3/23 13:08
1125,TDF-3TC-DTG-DVR/RTV,Third Line,,7/4/23 13:20
1126,ABC-3TC-LPV/r/LPV/r,First Line,,7/4/23 13:54
1127,ABC-3TC-LPV/r,,,7/4/23 14:00
1128,ABC-3TC-LPV/r,,,7/4/23 14:00
1129,TAF+3TC+DTG,First Line,,7/6/23 8:14
1130,DRV-RTV-ETR/v,Third Line,,7/9/23 10:36
1131,3TC-3TC-DTG,First Line,,7/9/23 10:52
1132,AZT-3TC-LPV/RITon,First Line,,7/10/23 12:22
1133,ABC-3TC-LPV/RITon,Second Line,,7/10/23 12:25
1134,TDF-3TC-DTG,,,7/10/23 13:56
1135,AZT-3TC-NVP,,,7/10/23 14:03
1136,ATZ-RTV-ATZ-TDF/3TC,Second Line,,7/11/23 6:07
1137,ABC/ -3TC-DTG-DRV/RTV,Second Line,,7/11/23 20:09
1138,D4T-3TC-NVP,,,7/12/23 13:18
1139,ABC-3TC-LPV/ -RTV,,,7/12/23 13:20
1140,ABC-3TC-LPV/ -RTV,,,7/12/23 13:21
1141,ABC-3TC-LPV/ -RTV,,,7/12/23 13:21
1142,ABC-3TC-LPV/ -RTV,,,7/12/23 13:22
1143,ABC-3TC-LPV/ -RTV,,,7/12/23 13:22
1144,ABC-3TC-LPV/ -RTV,,,7/12/23 13:23
1145,DRV-RTV-AZT-ETV,Third Line,,7/13/23 15:20
1146,ABC-3TC-L/R,First Line,,7/14/23 2:10
1147,ABC/-3TC-DTG,Second Line,,7/17/23 7:41
1148,TDF-3TC-DTG/ ,First Line,,7/18/23 8:27
1149,LPV-RTV-ETV-RTV,Third Line,,7/18/23 12:41
1150,ABC-3TC-LPV/r,,,7/20/23 8:36
1151,TDF-3TC-DTG,,,7/20/23 8:37
1152,TDF-3TC-DTG,,,7/24/23 5:24
1153,AZT/ -3TC-LPV/r,Second Line,,7/24/23 11:59
1154,ABC-3TC-LVP/r,First Line,,7/24/23 14:05
1155,ABC-3TC-DRV-RTV/ETV,Third Line,,7/24/23 15:59
1156,TDF/ -3TC-EFV/ ,First Line,,7/25/23 10:14
1157,TDF-3TC-ETR-DRV/r,Third Line,,7/25/23 14:50
1158,ABC-3TC-DTG,,,7/26/23 5:52
1159,TDF-3TC-DTG,,,7/26/23 10:31
1160,ABC-3TC-LOP-RTV,First Line,,7/26/23 11:00
1161,TDF-DRV-RTV,Second Line,,7/26/23 13:49
1162,AZT-3TC-3TC/LPV/r,Second Line,,7/27/23 8:24
1163,TDF-3TC-3TC/EFV,First Line,,7/27/23 8:51
1164,ABC-3TC-DTG,,,7/30/23 13:29
1165,ATV-RTV-DTG,Third Line,,7/31/23 13:05
1166,TDF-3TC-DTG-ERT/ /DRV/r,Third Line,,7/31/23 19:35
1167,TDF-3TC-DTG-ETR/DRV/r,,,7/31/23 19:55
1168,TDF-3TC-DTG-ETR/DRV/r,Third Line,,8/1/23 11:30
1169,TDF-3TC-DTG,,,8/1/23 12:54
1170,DRV-RTV-3TC-TDF,Third Line,,8/1/23 17:48
1171,ABC-3TC-DTG,,,8/2/23 8:11
1172,DRV+RTV+ETV+ABC/3TC,Third Line,,8/2/23 8:24
1173,AZT-   -3TC-NVP,First Line,,8/2/23 10:02
1174,TDF-3TC-DTG-DRV/RIT/o,Third Line,,8/2/23 10:15
1175,TDF-3TC-DTG-DRV/ /RTV,Third Line,,8/2/23 13:11
1176,AZT-3TC-ATV/r,,,8/3/23 6:26
1177,ABC-3TC-DTG,,,8/3/23 8:42
1178,ABC-3TC-DTG,,,8/3/23 8:42
1179,BAC-3TC-LPV-RTV,First Line,,8/3/23 10:05
1180,ABC-3TC-DRV/r-ETV,Third Line,,8/3/23 10:48
1181,ABC-3TC-DTG,,,8/3/23 14:10
1182,TDF-3TC-DRV,Second Line,,8/4/23 7:35
1183,TDF-3TC-DRV/r-LENac,Third Line,,8/4/23 9:16
1184,TDF-3TC-EFV,,,8/7/23 6:39
1185,DTF-3TC-NVP,First Line,,8/7/23 13:33
1186,AZT-3TC-DTG-ETR,Third Line,,8/8/23 7:57
1187,AZT-3TC-NVP,,,8/8/23 12:41
1188,AZT-3TC-DRV-RTV,Second Line,,8/8/23 14:25
1189,TDF-3TC-DTG,,,8/9/23 5:08
1190,TDF-3TC-ATV-RTV,First Line,,8/9/23 8:10
1191,TDF-3TC-LPV-RTV,First Line,,8/9/23 8:15
1192,TDF-3TC-DTG,,,8/9/23 8:22
1193,TDF-3TC-DTG,,,8/9/23 8:23
1194,TDF-3TC-DTG,,,8/9/23 9:54
1195,TDF-3TC-ATV-RTV/r,First Line,,8/10/23 11:35
1196,AZT-3TC-NVP,,,8/10/23 11:40
1197,ZT-3TC-NVP,First Line,,8/11/23 8:09
1198,ABC-3TC-ATV/r,,,8/12/23 6:47
1199,ABC-3TC-ATVir,,,8/12/23 6:59
1200,TDF-3TC-DTG,,,8/12/23 7:00
1201,ABC-3TC-ATVir,Second Line,,8/12/23 7:01
1202,AZT-3TC-ATV/RRR,Second Line,,8/17/23 11:27
1203,TDF/ -3TC-DTG/ ,Second Line,,8/18/23 6:39
1204,AZT-3TC-NVP,,,8/22/23 8:55
1205,AZT-3TC-DRV,Second Line,,8/22/23 8:58
1206,TDF-3TC-DTG,,,8/22/23 9:09
1207,ABC-3TC-DTG,,,8/22/23 10:25
1208,TDF-3TC-EFV,,,8/22/23 10:38
1209, AB/c-3TC- LPv/,First Line,,8/23/23 10:20
1210,OTHers-RTV-DRV-DTG/ETV,Third Line,,8/23/23 10:29
1211,OTHers-RTV-DRV-DTG/ETV,Third Line,,8/23/23 10:29
1212,...-RTV-DRV-DTG/etv,Third Line,,8/23/23 10:31
1213,ETV-RTV-DRV-DTG,Third Line,,8/24/23 13:45
1214,ABC-3TC-LVR/r,First Line,,8/28/23 5:38
1215,DTG-LPV-RTV,First Line,,8/28/23 6:19
1216,TDF-3TC-EFV,,,8/28/23 11:08
1217,TDF-3TC-EFV,,,8/28/23 11:08
1218,AZT-3TC-ATV/r,,,8/28/23 11:12
1219,AZT-3TC-ATV/r,,,8/28/23 11:12
1220,TDF-3TC-DTG,,,8/29/23 7:51
1221,TDF-3TC-DTG,,,8/29/23 7:52
1222,TDF-3TC-ATA/r,First Line,,8/30/23 8:17
1223,TDF-DTG-3TC/drv/r-RTV/r,Third Line,,8/30/23 8:27
1224,AZT-3TC-DRV/r,Second Line,,8/30/23 14:20
1225,NIL-NIL-LPV/r-ABC/3TC,First Line,,8/31/23 12:26
1226,TDF-3TC-DRV/RTV,Third Line,,8/31/23 13:49
1227,TDF/-3TC-DTG,Second Line,,9/1/23 12:32
1228,TDF/ -3TC-DTG-ATV/r,Second Line,,9/4/23 9:19
1229,AZT-3TC-DRV/ -RTV,Second Line,,9/5/23 5:53
1230,ABC-3TC-EFV,,,9/5/23 12:01
1231,DRV-RTV-TDF-3TC/ETV,Third Line,,9/5/23 15:53
1232,TDF-3TC-DTG-DTG,First Line,,9/6/23 6:17
1233,AZT-3TC-DRV-RTV/ETV,Second Line,,9/8/23 13:22
1234,3TC-EFV-LPV-RTV,Second Line,,9/12/23 12:46
1235,TDF-3TC-DTG-DRV/rtv/YES,Third Line,,9/14/23 5:40
1236,AZT/-3TC-EFV,First Line,,9/15/23 8:38
1237,AZT/-3TC-DTG,Second Line,,9/18/23 9:46
1238,TDF-3TC-DTG,,,9/18/23 13:31
1239,Other Regimen,,,9/18/23 18:02
1240,ABC-3TC-ATV/r,,,9/19/23 10:10
1241,AZT-3TC-DRV/r,,,9/19/23 11:09
1242,TDF-3TC-EFV,,,9/19/23 14:13
1243,TDF-3TC-ATV/r,,,9/20/23 7:59
1244,TDF-3TC-NVP,,,9/20/23 8:47
1245,AZT-3TC-DRV-RTV/ETV,Third Line,,9/21/23 5:43
1246,TLD-TLD-TLD-TLD/TLD,First Line,,9/21/23 9:21
1247,TDF-3TC-EFV,,,9/21/23 11:17
1248,AZT-3TC-ATV/r,,,9/21/23 11:49
1249,NIL-NIL-LPV/r-AZT/3TC,Second Line,,9/22/23 8:44
1250,AZT-3TC-DTG,,,9/26/23 7:04
1251,TDF-TDF-DTG/3TC,First Line,,9/26/23 9:45
1252,TDF-3TC-ETV-DRV/RTV,Second Line,,9/26/23 10:54
1253,TDF-3TC-EFV,,,9/26/23 15:10
1254,AZT-3TC-DTG,,,9/27/23 11:47
1255,TDF-3TC-ALL,First Line,,9/28/23 10:26
1256,TDF/ -3TC-DRV-RTV/ETR/v,Third Line,,9/28/23 11:39
1257,AZT-3TC-DRV/RTV,Second Line,,10/2/23 12:09
1258,NIL-NIL-DTG-TDF/3TC,First Line,,10/3/23 7:26
1259,TDF-3TC-EFV-   / /   / ,First Line,,10/3/23 13:59
1260,TDF-3TC-EFV,,,10/3/23 14:31
1261,DRV-RTV-3TC-AZT,Second Line,,10/4/23 6:50
1262,TDF-3TC-DTG,,,10/4/23 10:02
1263,TDF-3TC-DTG,,,10/8/23 8:01
1264,TDF-3TC-DTG-ETR,Third Line,,10/17/23 7:55
1265,TDF-3TC-DRV/ -RTV,Third Line,,10/17/23 13:04
1266,AZT-3TC-ATV/r,,,10/18/23 7:19
1267,3TC-DTG-DRV-RTV/3TC,Third Line,,10/19/23 11:17
1268,ABC-3TC-LPV/RPV,Second Line,,10/19/23 11:43
1269,ABC-3TC-LPV//RTV,Second Line,,10/19/23 11:44
1270,TDF-3TC-EFV,,,10/19/23 13:55
1271,TDF-3TC-DTG,,,10/24/23 9:42
1272,TDF-3TC-EFV,,,10/24/23 13:37
1273,ABC-3TC-DTG,,,10/25/23 8:46
1274,TDF-3TC-DRV-RTV,First Line,,10/25/23 9:18
1275,ABC-3TC-DTG-DRV/RTV/r,Third Line,,10/25/23 12:08
1276,AZT-3TC-NVP,,,10/26/23 6:43
1277,AZT-3TC-NVP,,,10/26/23 10:40
1278,AZT-3TC-NVP,,,10/27/23 4:57
1279,TLD-3TC-DTG,First Line,,10/27/23 6:41
1280,RTV-RTV-LPV-TDF/3TC,Second Line,,10/27/23 13:10
1281,TDF-3TC-LPV/r,,,10/27/23 13:12
1282,AZT-3TC-DRV-DRV/r,Third Line,,10/30/23 7:40
1283,TDF-3TC-DRV-RTV,,,10/30/23 13:31
1284,TDF-3TC-DTG-RTV,Second Line,,10/31/23 9:19
1285,ZDV-3TC-EFV,First Line,,10/31/23 9:53
1286, AZ/t-3TC-NVP,First Line,,10/31/23 11:54
1287,TDF-3TC-DTG,,,10/31/23 13:10
1288,TDF-3TC-DTG/DTG,First Line,,10/31/23 13:11
1289,TDF-3TC-DAR-RTV,Second Line,,10/31/23 13:32
1290,AZT-3TC-NVP/NVP,First Line,,11/1/23 7:18
1291,TDF-3TC-EFV,,,11/1/23 11:43
1292,TDF-3TC-DRV-DRV,Second Line,,11/2/23 4:41
1293,AZT-3TC-NVP,,,11/2/23 7:20
1294,AZT-3TC-LPV/r,,,11/2/23 7:51
1295,TDF-3TC-NVP,,,11/2/23 8:34
1296,TDF-3TC-DTG,,,11/2/23 8:35
1297,TDF-3TC-EVF,First Line,,11/2/23 8:51
1298,ABC-3TC-EFV,,,11/2/23 10:35
1299,TDF-3TC-DRV/ -RTV/ETR,Third Line,,11/2/23 13:55
1300,ABC/ -3TC-LOPv/,First Line,,11/2/23 17:36
1301,TDF-3TC-DTG,,,11/5/23 12:44
1302,TDF-3TC-EFV-EFV/EFV,First Line,,11/6/23 10:10
1303,OTHers-AZT-3TC-EFV,First Line,,11/6/23 10:25
1304,ABC-RTV-3TC-LPV,Second Line,,11/6/23 10:31
1305,ATV-RTV-TDF-3TC,Second Line,,11/6/23 10:33
1306,ABC-3TC-LPV-RIT,First Line,,11/6/23 12:04
1307,DRV-RTV-DTG-TDF/3TC,First Line,,11/7/23 0:04
1308,ABC-3TC-NVP/RTV,First Line,,11/7/23 7:46
1309,ABC-3TC-DTG,,,11/7/23 10:37
1310,TDF-3TC-ATV/r-ETV,Third Line,,11/7/23 12:35
1311,ABC-ABC-3TC-NVP,First Line,,11/8/23 7:55
1312,TDF-3TC-DTG,,,11/9/23 8:12
1313,TDF-3TC-DTG,,,11/9/23 8:15
1314,TDF-3TC-EFV,,,11/9/23 11:54
1315,TDF-3TC-DRV-DRV,Third Line,,11/9/23 16:37
1316,ABC-3TC-LPV/RIT,First Line,,11/10/23 10:38
1317,ABC-3TC-ATV-r,,,11/13/23 7:09
1318,TDF-3TC-DTC,First Line,,11/13/23 7:50
1319,ABC/ -3TC-LPV/r,Second Line,,11/14/23 8:04
1320,TENof-3TC-EFFer,,,11/14/23 11:20
1321,ABC-DTG-DTG,First Line,,11/14/23 11:55
1322,TENof-3TC-EFFer,,,11/14/23 12:07
1323,TDF-3TC-DTG,,,11/14/23 14:02
1324,AZT-3TC-LPV/r,,,11/14/23 14:38
1325,AZT-3TC-DTG,,,11/15/23 11:13
1326,ETR-ETR-ETR-DRV/RIT,Third Line,,11/16/23 5:20
1327,TDF-TDF-3TC-ATV/r,Second Line,,11/16/23 12:15
1328,TDF-3TC-DTG,,,11/17/23 6:18
1329,TDF/-3TC-ATV/r,Second Line,,11/17/23 13:10
1330,LEFt blank-ABC-3TC-ATV/r/RTV,Second Line,,11/17/23 13:42
1331,ABC-3TC-ATV/r-RTV,Second Line,,11/17/23 13:50
1332,ABC-DDI-LPV/r,Third Line,,11/17/23 13:53
1333,DRV-AZT-3TC-DTG,Second Line,,11/19/23 16:24
1334,ABC-3TC-EFV-EFV,First Line,,11/20/23 9:36
1335,000-OOO-DTG-TDF/3TC,First Line,,11/20/23 10:19
1336,000-000-ATV/r-TDF/3TC,,,11/20/23 13:20
1337,AZT3t-ABC-ABC3t,Second Line,,11/21/23 5:04
1338,ABC3t-3TC-DTG,First Line,,11/21/23 5:07
1339,ABC3t-3TC-DTG,Second Line,,11/21/23 5:11
1340,ABC3t-ABC-AZT3t,Second Line,,11/21/23 5:18
1341,AZT3t-ABC-ABC3t,First Line,,11/21/23 5:21
1342,DRV-RTV-ETV-AZT/3TC,Third Line,,11/21/23 12:42
1343,DTG-3TC-DTG-DRV/RTV,Third Line,,11/21/23 13:50
1344,TDF-3TC-DTG/ATV/r,Third Line,,11/21/23 16:31
1345,TDF-3TV-EFV,First Line,,11/22/23 6:12
1346,3TC-TDF-DTG-DRV/RTV,Third Line,,11/22/23 7:05
1347,AZT-AZT-3TC-DRV/RIT,Third Line,,11/22/23 14:19
1348,AZT-CTG-EFV,,,11/23/23 6:43
1349,D4T-3TC-NVP,,,11/23/23 7:42
1350,3TC-TDF-ATV-RTV,Second Line,,11/23/23 11:09
1351,TDF-3TC-DRV/ETR,Third Line,,11/23/23 12:47
1352,ABC-3TC-EFV,,,11/23/23 13:09
1353,ABC-3TC-EFV,,,11/23/23 13:09
1354,ABC-3TC-EFV,,,11/23/23 13:11
1355,ABC-3TC-EFV,,,11/23/23 13:11
1356,ABC-3TC-EFV,,,11/23/23 13:12
1357,ABC-3TC-DTG-DVR,Third Line,,11/24/23 8:18
1358,TDF-FTC-LPV/r,First Line,,11/24/23 14:09
1359,LPV-RTV-AZT-3TC,Second Line,,11/26/23 20:34
1360,LPV-RTV-AZT-3TC,Third Line,,11/26/23 20:38
1361,AZT-3TC-DRV/r-ETV,Third Line,,11/27/23 10:44
1362,ETR-DRV-RIT,Third Line,,11/28/23 11:01
1363,TDF-3TC-LPV/r-RTV/ETV,Third Line,,11/28/23 15:07
1364,AZT-3TC-DTG/NVP,First Line,,11/30/23 11:59
1365,AZT-3TC-NVP,,,11/30/23 14:44
1366,AZT/ -3TC-ATV/r,,,11/30/23 14:48
1367,AZT-3TC-NVP,,,12/1/23 7:27
1368,ABC-3TC-DTG/l,First Line,,12/1/23 9:04
1369,ABC-3TC-NVP,,,12/1/23 11:00
1370,ABC-3TC-LPV/r,,,12/1/23 11:06
1371,ABC-3TC-DRV/r,Second Line,,12/4/23 10:26
1372,AZT-3TC-DRV/RTV,Third Line,,12/4/23 11:11
1373,TDF-3TC-DTG-DRV/r,Second Line,,12/4/23 13:34
1374, AB/c-3TC-DTG,Second Line,,12/4/23 18:04
1375,AZT-4TC-NVP,First Line,,12/4/23 21:16
1376,ACC-3TC-DTG,First Line,,12/4/23 22:00
1377,ABC-3TC-DTG/ ,,,12/4/23 22:01
1378,AZT-3TC-NVP,,,12/5/23 6:55
1379,TDF/ -3TC-EFV,First Line,,12/5/23 8:40
1380,AZT-3TC-LOPv/r,Second Line,,12/5/23 8:43
1381,TDF-3TC-ATV/r,,,12/5/23 10:46
1382,TDF-3TC-LPV/r,,,12/5/23 10:47
1383,EFV-EFV-EFV,First Line,,12/5/23 11:59
1384,TDF-3TC-ATV/r-ETV,Second Line,,12/5/23 12:55
1385,TDF-3TC-ALUvi,Second Line,,12/6/23 6:02
1386,ABC-3TC-LPV/r,,,12/7/23 4:42
1387,DRV-RTV-DTG-DTG,Third Line,,12/7/23 8:17
1388,TDT-3TC-DRV-RTV/ETR,Third Line,,12/7/23 11:02
1389,TDF-3TC-RTV-ETR,Third Line,,12/7/23 11:09
1390,AZT-3TC-VVP,First Line,,12/7/23 13:38
1391,DRV/r-RAL-DTG,Third Line,,12/7/23 18:13
1392,DRV-RTV-DRG-TDF/3TC,Third Line,,12/8/23 15:17
1393,TDF-3TC-EFV,,,12/10/23 9:05
1394,TDF-3TC-NUP,First Line,,12/10/23 11:53
1395,TDF-3TC-EFV,,,12/12/23 9:43
1396,TDF-3TC-DTG,,,12/12/23 11:41
1397,AZT-3TC-NVP,,,12/12/23 11:57
1398,TDF-3TC-DTG,,,12/12/23 14:54
1399,ABC-3TC-EFV,,,12/13/23 3:35
1400,TDF-3TC-EFV,,,12/13/23 12:41
1401,TDF-3TC-ETR-DRV/r,Second Line,,12/13/23 13:43
1402,ATV-RTV-NIL-AZT/3TC,Second Line,,12/14/23 13:24
1403,DRV-RTV-AZT/3TC,Second Line,,12/15/23 6:48
1404,TDF-3TC-DRV/r-ETV,Second Line,,12/15/23 8:48
1405,NIL-RTV-LPV-ABC/3TC,First Line,,12/19/23 10:01
1406,TDF-3TC-TDG,Second Line,,12/19/23 10:44
1407,TDF-3TC-TDG,First Line,,12/19/23 11:42
1408,TDF-3TC-ATV/r-ETR,Second Line,,12/20/23 7:37
1409,ABC-3TC-DTG,,,12/21/23 7:15
1410,RLT-LPV-RTV,Second Line,,12/21/23 8:30
1411,TDF-3TC-LPV-RTV,,,12/21/23 8:31
1412,TDF-3TC-DRV-RTV,,,12/21/23 8:32
1413,TDF-3TC-LPV-RTV,,,12/21/23 8:33
1414,ABC-3TC-DRV-DTG/RTV,Third Line,,1/3/24 15:40
1415,AZT-3TC-LPV-RTV,,,1/8/24 8:36
1416,AZT-3TC-LVR/r,Second Line,,1/8/24 15:03
1417,DRV-RTV-DTG,,,1/8/24 17:29
1418,DRV-RTV-DTG,,,1/8/24 17:29
1419,TDF-3TC-EFV,,,1/11/24 7:01
1420,TDF-3TC-DTG,,,1/12/24 12:43
1421,DUO/v-NVP-PEL,First Line,,1/12/24 13:37
1422,TDF-3TC-DTG,,,1/12/24 14:17
1423,TDF-3TC-ATV/RIT,Second Line,,1/13/24 19:25
1424,TDF-DTG-3TC,First Line,,1/15/24 10:17
1425,ABC-3TC-LPV,,,1/15/24 13:59
1426,ETV-DTG-DRV-RTV,Third Line,,1/15/24 14:01
1427,AZT/ -3TC-RAL,Second Line,,1/15/24 16:05
1428,TAF-3TC-DTG,Second Line,,1/16/24 7:34
1429,TDF-3TC-EFV,,,1/16/24 7:37
1430,TDF-3TC-DTG,,,1/16/24 7:54
1431,TAF-3TC-LPV/r,Second Line,,1/16/24 10:28
1432,ABC-3TC-ETR-DRV/RTV,Third Line,,1/16/24 12:01
1433,AZT-3TC-ATV/r-DTG,Second Line,,1/16/24 12:17
1434,AZT-3TC-ATV/RTV,Third Line,,1/16/24 12:44
1435,TDF/ -3TC-DTG/ ,First Line,,1/16/24 21:17
1436,TDF-D4T-NVP,First Line,,1/17/24 6:42
1437,ABC-3TC-DRV-RTV/ETR,Third Line,,1/17/24 8:41
1438,LPV-RTV-NIL-AZT/3TC,First Line,,1/17/24 8:57
1439,TDF-3TC-DTG,,,1/17/24 9:06
1440,TDF-3TC-EFV/LPV,Second Line,,1/17/24 10:07
1441,DUT-3TC-NVP,First Line,,1/17/24 11:02
1442,...-...-DTG-TDF/3TC,Second Line,,1/17/24 11:45
1443,NON/e-NON-DTG-TDF/3TC,First Line,,1/17/24 12:02
1444,AZT-3TC-ATV/r,,,1/17/24 12:28
1445,NVP-...-...-D4T/3TC,First Line,,1/17/24 13:02
1446,DTG-...-...-TDF/3TC,Second Line,,1/17/24 13:05
1447,TLD-ETV-DRV-RTV,Third Line,,1/17/24 20:34
1448,AZT-3TC-LPV/r,,,1/18/24 7:45
1449,ETV-DRV-RTV,Second Line,,1/18/24 8:05
1450,AZT-3TC-DTG,,,1/18/24 8:23
1451,TDF-3TC-EFV,,,1/18/24 9:32
1452,ABC-3TC-DTG,,,1/18/24 11:26
1453,DVR-DTG-TRV,,,1/18/24 11:29
1454,TDF-3TC-EFV,,,1/18/24 12:31
1455,AZT-3TC-DTG,,,1/18/24 12:32
1456,OTHers-ABC-3TC-DTC/3TC,Second Line,,1/18/24 13:08
1457,OTHers-ABC-3TC-DTG,Second Line,,1/18/24 13:09
1458,TDF-3TC-DTG,,,1/19/24 4:42
1459,DRV-RTV-ETV-TDF/3TC,Second Line,,1/19/24 6:02
1460,AZT-3TC-ETV,First Line,,1/20/24 8:24
1461,TDF-3TC-ETV,First Line,,1/20/24 8:35
1462,OTHers-DTG-ABC-3TC/DTG,Second Line,,1/20/24 11:00
1463,ETV-DRV-RTV-TDF/3TC,Second Line,,1/21/24 11:08
1464,TNF-FTG-NVP,First Line,,1/22/24 7:07
1465,TDF-3TC-ATV/r-ETR,Third Line,,1/22/24 7:28
1466,AZT-3TC-DTG/ ,First Line,,1/22/24 8:50
1467,TDF-3TC-ATV/r,,,1/22/24 9:04
1468,NIL-NIL-DTG-AZT/3TC,First Line,,1/22/24 13:13
1469,TDF-3TC-DTG,,,1/22/24 13:30
1470,OTHers-TDF-3TC-DTG,Second Line,,1/22/24 15:49
1471,RAL-ETR-DRV-RTV,Third Line,,1/23/24 4:57
1472,AZT-3TC-DRV-RTV/DTG,Third Line,,1/23/24 5:11
1473,TDF-3TC-DTG-RTV,First Line,,1/23/24 5:27
1474,J.Azt-3TC-NVP,First Line,,1/23/24 7:31
1475,TDF/ -3TC-ATV/r,First Line,,1/23/24 9:10
1476,ABC-3TV-EFV,First Line,,1/23/24 10:32
1477,ABC-3TV-DTG,First Line,,1/23/24 13:15
1478,AZT/f-3TC-DTG,Second Line,,1/24/24 10:35
1479,NIL-NIL-DTG-ABC/3TC,First Line,,1/24/24 13:40
1480,AZT-3TC-NVP,,,1/25/24 11:31
1481,ABC-3TC-DTG,,,1/25/24 13:15
1482,ABC+3TC+DRV/r,Second Line,,1/25/24 15:18
1483,DVR-DTG-TRV,Third Line,,1/29/24 8:11
1484,AZT-3TC-ATVir,Second Line,,1/29/24 8:33
1485,TDF-3TC-DTC,Second Line,,1/29/24 9:34
1486,DRV/]-RTV-DTG,Third Line,,1/29/24 10:15
1487,TDF-3TC-DTG,,,1/29/24 11:17
1488,TDF-3TC-DTG,,,1/29/24 12:52
1489,TDF-3TC-DTG,,,1/30/24 9:15
1490,AZT-3TC-EFV,,,1/30/24 10:27
1491,TDF-3TC-EFV,,,1/30/24 10:34
1492,AZT-3TC-NVP,,,1/31/24 11:28
1493,DRV-RTV-NIL-TDF/3CT,Third Line,,2/1/24 8:30
1494,AZT-3TC-NVP,,,2/1/24 9:28
1495,TDF-3TC-DTG,,,2/1/24 9:51
1496,ABC-3TC-LPV/RAL,First Line,,2/1/24 10:49
1497,TDF-3TC-EFV,,,2/1/24 12:22
1498,TDF-3TC-DRV-RTV/RTV,Third Line,,2/1/24 15:07
1499,AZT-3CT-NVP,,,2/2/24 10:33
1500,TDF-3TC-ATV,,,2/2/24 10:35
1501,TDF-3TC-DTG,,,2/2/24 10:36
1502,AZT-3TC-NVP,,,2/2/24 10:46
1503,BC-3TC-EFV,First Line,,2/2/24 11:25
1504,AZT-3TC-LPV-RTV,Third Line,,2/2/24 14:08
1505,NIL-NIL-ATV/r-TDF/3TC,Second Line,,2/5/24 9:54
1506,TDF-3TC-ATV/RTV,First Line,,2/5/24 10:03
1507,TDT-3TC-EFV,First Line,,2/5/24 11:23
1508,AZT-3TC-NVP,,,2/7/24 6:31
1509,D4T-3TC-NVP,,,2/8/24 9:28
1510,TDF-3TC-DTG,,,2/8/24 9:41
1511,AZT-3TC-NVP,,,2/8/24 12:57
1512,TDF/-3TC-DRV/r,Third Line,,2/8/24 13:13
1513, AB/c-3TC-NVP,First Line,,2/9/24 7:41
1514,TDF-3TC-DRV-RTV/ETV,Second Line,,2/9/24 22:50
1515,TLD-3TC-DTG,,,2/13/24 10:09
1516,TLD-3TC-EFV,First Line,,2/13/24 10:10
1517,ABC-3TC-LPV/r,,,2/13/24 10:39
1518,DTG-DTG-TDF/3TC,First Line,,2/13/24 11:18
1519,ABC/ -3TC-DTG/ ,First Line,,2/13/24 13:03
1520,TDF-3TC-DRV/RIT,Third Line,,2/13/24 13:54
1521,AZT-3TC-NVP,,,2/14/24 6:35
1522,TDF-3TC-NVP,,,2/14/24 6:56
1523,AZT-3TC-NVP,,,2/14/24 10:20
1524,AZT-3TC-NVP,,,2/14/24 10:20
1525,TDF-3TC-DTG,,,2/14/24 10:21
1526,TDF-3TC-ATZ-RIT,Second Line,,2/14/24 11:35
1527,DRV-RTV-ETR-TDF/3TC,Second Line,,2/14/24 12:42
1528,DRV-RTV-TDF-3TC,Second Line,,2/14/24 13:19
1529,AZT-3TC-DTG,,,2/16/24 5:20
1530,AZT-3TC-NVP,,,2/16/24 7:42
1531,AZT-3TC-NVP,,,2/16/24 7:42
1532,AZT-3TC-NVP,,,2/16/24 7:42
1533,TDF-3TC-ETV-ATV/r,Third Line,,2/16/24 10:42
1534,AZT-3TC-LPV/r,,,2/16/24 13:46
1535,AZT-3TC-ATV/r,,,2/16/24 14:03
1536,AZT-3TC-DTG,,,2/17/24 8:47
1537,ZDV-3TC-NVP,First Line,,2/19/24 5:23
1538,AZT-3TC-ATV/r,,,2/20/24 10:09
1539,AZT-3TC-LPV/r,,,2/20/24 10:33
1540,TDF-3TC-DRV/r-ETR,Second Line,,2/21/24 7:23
1541,DRV-RTV-ETV,Second Line,,2/21/24 8:09
1542,TDF-3TC-DTG-ETR/i,Third Line,,2/22/24 11:57
1543,DTG-3TC-LPV-RTV,Second Line,,2/23/24 6:19
1544,TDF-3TC-DTG/DRV,Third Line,,2/23/24 13:27
1545,TDF-3TC-DTG,,,2/23/24 20:28
1546,D4T-3TC-ABC,First Line,,2/26/24 10:25
1547,TDF-3TC-EFZ,First Line,,2/26/24 12:40
1548,TDF-3TC-LPV/r,,,2/26/24 13:51
1549,ABC-3TC-LPV/r,,,2/26/24 13:55
1550,DTG-3TC-LPV-RTV,Third Line,,2/27/24 8:23
1551,TDF-3TC-LPV-RTV,,,2/27/24 8:31
1552,TDF-3TC-ATV-RTV,,,2/27/24 8:32
1553,TDF-3TC-LPV-RTV,,,2/27/24 8:38
1554,TDF-3TC-DRV/r-LEN,Third Line,,2/27/24 10:51
1555,DRV-RTV-ETR-LENac/3TC,Third Line,,2/27/24 10:55
1556,DRV-ETV-RTV-DTG,Third Line,,2/27/24 11:07
1557,DRV- RT/v-DTG-ETV/3TC,Third Line,,2/27/24 11:12
1558,DRV- RT/v-DTG-ETV,Third Line,,2/27/24 11:12
1559,TDF-3TC-DTG,,,2/28/24 11:03
1560,TDF-3TC-DTG,,,2/28/24 13:38
1561,ABC-3TC-LPV/ ,Second Line,,2/29/24 6:18
1562,TDF-3TC-DTG/ETR,Third Line,,2/29/24 6:22
1563,CBV-CBV-ATV/r,Second Line,,2/29/24 6:49
1564,TDF/-3TC-LPV/r,Second Line,,2/29/24 7:20
1565,AZT-3TC-ATV-RTV,First Line,,2/29/24 8:47
1566,TDF-EFT-ATV/r,Third Line,,2/29/24 12:16
1567,ABC-3TC-3TC/EFV,First Line,,3/1/24 11:15
1568,TDF-3TC-DTG,,,3/3/24 23:13
1569,ABC-3TC-LRV/r,First Line,,3/5/24 8:14
1570,TDF-3TC-NVP,,,3/5/24 9:57
1571,TDF-3TC-EFV,,,3/6/24 4:21
1572,AZT-3TC-ATV/r,,,3/6/24 7:15
1573,NIL-NIL-DTG-ABC,First Line,,3/6/24 9:45
1574,AZT/ -3TC-DRV/r,Third Line,,3/6/24 10:45
1575,NIL-NIL-NVP-D4T/3TC,First Line,,3/6/24 10:59
1576,ABC-3TC-EFV,,,3/6/24 11:05
1577,ABC-3TC-LPV/r,,,3/6/24 11:07
1578,TDF-3TC-DTG,,,3/6/24 11:08
1579,ABC-3TC-DTG-DTG,Second Line,,3/7/24 7:16
1580,TDF-3TC-DVR/r,Second Line,,3/7/24 8:33
1581,TDF-3TC-DTG,,,3/7/24 13:40
1582,DRV-RTV-DTG,,,3/11/24 9:49
1583,AZT/-3TC-NVP,Second Line,,3/11/24 10:30
1584,AZT-3TC-NVP,,,3/12/24 7:49
1585,ABC-3TC-LPV/r,,,3/12/24 8:18
1586,ABC-3TC-DTG,,,3/12/24 8:23
1587,ABC-3TC-DTG,,,3/12/24 9:52
1588,DRV-RTV-AZT/3TC,Third Line,,3/12/24 11:05
1589,ABC-3TC-LPV/r,,,3/12/24 12:28
1590,TDF-3TC-LPV/r,,,3/12/24 17:44
1591,TDF-3TC-DTG/ -DRV/RTV,Second Line,,3/13/24 21:54
1592,TLD-3TC-DTG-DRV/RTV,Third Line,,3/14/24 18:56
1593,TDF-3TC-DRV-r,Second Line,,3/15/24 12:02
1594,TDF-3TC-EFV,,,3/17/24 12:10
1595,TDF-3TC-ETV-DRV,Third Line,,3/18/24 10:08
1596,AZT-3TC-EFV,,,3/18/24 12:37
1597,TDF-3TC-DTG,,,3/19/24 4:39
1598,AZT-3TC-DTG,,,3/19/24 4:42
1599,TDF-3TC-DTG,,,3/19/24 9:11
1600,TDF-3TC-DTG-DRV,Second Line,,3/19/24 11:28
1601,TDF-DTG-DTG-TDF/3TC,First Line,,3/19/24 12:49
1602,ATV/r-3TC-TDF/3TC,Second Line,,3/19/24 13:42
1603,AZT-NVP-3TC,First Line,,3/20/24 11:28
1604,TDF-3TC-ATV-RIT,Second Line,,3/21/24 13:09
1605,TDF-3TC-LPV-RIT,Second Line,,3/21/24 13:15
1606,TDF-3TC-DRV-RIT,Third Line,,3/21/24 13:17
1607,TDF-ETR-ATV/r,Third Line,,3/22/24 9:39
1608,TDF-3TC-LPV/r,,,3/22/24 11:07
1609,TDF-3TC-DRV-DRV/ETV,Third Line,,3/24/24 16:21
1610,TDF-3TC-EFV,,,3/25/24 9:32
1611,TDF-3TC-EFV,,,3/25/24 9:32
1612,ABC-3TC-LPV/r,,,3/25/24 13:33
1613,ABC-3TC-LPV/r,,,3/25/24 13:33
1614,ABC-3TC-LPV/r,,,3/25/24 13:33
1615,TDF/ -3TC-ALV/r,First Line,,3/26/24 8:21
1616,ABC-3TC-LPV/r,,,3/26/24 8:40
1617,ABC-3TC-DTG,,,3/26/24 8:42
1618,TDF/ -3TC-NVP,First Line,,3/26/24 9:15
1619,TDF-3TC-DRV/r/ETV,Third Line,,3/26/24 18:05
1620,AZT-3TC-DTG,,,3/27/24 10:11
1621,ABC-3TC-ATZ,Second Line,,4/4/24 5:27
1622,TDF-3TC-DTG,,,4/5/24 9:26
1623,DTG-DVR-RTV,Third Line,,4/5/24 9:52
1624,   -   -TDF-3TC/DTG,Second Line,,4/8/24 5:56
1625,TDF-3TC-DTG,,,4/8/24 11:59
1626,TDF-3TC-DTG,,,4/8/24 11:59
1627,TDF-3TC-DTG,,,4/8/24 11:59
1628,TDF-3TC-DTG,,,4/8/24 12:00
1629,DTG-3TC-TDF,First Line,,4/9/24 9:31
1630,TDF-3TC-DTG,,,4/9/24 12:14
1631,ABC-3TC-DTG,,,4/9/24 12:39
1632,   / -   -TDF-3TC/DTG,Second Line,,4/10/24 18:41
1633,TLD-DRV-RTV-DTG,Third Line,,4/11/24 6:49
1634,4F/-5O/-1O/,First Line,,4/11/24 9:38
1635,AZT/-3TC-LPV/r,,,4/11/24 9:43
1636,DRV/r-DTG-3TC-TDF,Third Line,,4/11/24 10:22
1637,ABC-3TC-EFV,,,4/11/24 10:24
1638,AZT-3TC-ATR/r,Second Line,,4/11/24 11:09
1639,TDF-3TC-DTG,,,4/11/24 13:13
1640,ABC-3TC-DTG,,,4/11/24 19:07
1641,TDF-3TC-EFV,,,4/12/24 3:35
1642,ABC-3TC-EFZ,First Line,,4/16/24 8:01
1643,ABC-3TC-DRV/r-ETR,Third Line,,4/16/24 12:47
1644,ABC-3TC-EFV,,,4/16/24 13:15
1645,ABC-3TC-DTG,,,4/16/24 13:17
1646,TDF-3TC-DTG,,,4/16/24 13:18
1647,TDF-3TC-EFV,,,4/17/24 11:12
1648,NIL-NIL-NVP-TDF/3TC,First Line,,4/17/24 12:10
1649,TDF-3TC-ATV-RTV/ETR,Third Line,,4/17/24 13:32
1650,AZT-3TC-EFZ,Second Line,,4/18/24 9:01
1651,ABC-3TC-EFZ,Second Line,,4/18/24 9:01